document,title,type,subtype,region,order,level,section,tokens,판정,token_deficit,권장_보강_토큰,paragraphs,문단_판정,측정_방식,chars,bytes
[청연] 개방.md,[청연] 개방,단체,일반,청연,1,2,개요,275,고신뢰 부족,25,45,3,통과,보정 추정,418,1002
[청연] 개방.md,[청연] 개방,단체,일반,청연,3,2,기원과 전승,250,고신뢰 부족,50,70,3,통과,보정 추정,401,975
[청연] 개방.md,[청연] 개방,단체,일반,청연,4,2,무공과 수행 색채,274,고신뢰 부족,26,46,3,통과,보정 추정,432,1032
[청연] 개방.md,[청연] 개방,단체,일반,청연,5,2,조직 구조,243,고신뢰 부족,57,77,3,통과,보정 추정,374,892
[청연] 개방.md,[청연] 개방,단체,일반,청연,6,2,대외 관계,227,고신뢰 부족,73,93,3,통과,보정 추정,361,877
[청연] 개방.md,[청연] 개방,단체,일반,청연,7,2,정합성 메모,130,고신뢰 부족,170,190,2,통과,보정 추정,224,556
[청연] 곤륜파.md,[청연] 곤륜파,단체,일반,청연,1,2,개요,233,고신뢰 부족,67,87,3,통과,보정 추정,373,903
[청연] 곤륜파.md,[청연] 곤륜파,단체,일반,청연,2,2,대표 거점과 영향권,314,경계,0,6,2,통과,보정 추정,493,1160
[청연] 곤륜파.md,[청연] 곤륜파,단체,일반,청연,3,2,기원과 전승,224,고신뢰 부족,76,96,3,통과,보정 추정,353,861
[청연] 곤륜파.md,[청연] 곤륜파,단체,일반,청연,4,2,무공과 수행 색채,243,고신뢰 부족,57,77,3,통과,보정 추정,376,908
[청연] 곤륜파.md,[청연] 곤륜파,단체,일반,청연,5,2,조직 구조,237,고신뢰 부족,63,83,3,통과,보정 추정,363,873
[청연] 곤륜파.md,[청연] 곤륜파,단체,일반,청연,6,2,대외 관계,222,고신뢰 부족,78,98,3,통과,보정 추정,356,864
[청연] 곤륜파.md,[청연] 곤륜파,단체,일반,청연,7,2,정합성 메모,147,고신뢰 부족,153,173,2,통과,보정 추정,245,603
[청연] 공동파.md,[청연] 공동파,단체,일반,청연,1,2,개요,252,고신뢰 부족,48,68,3,통과,보정 추정,395,957
[청연] 공동파.md,[청연] 공동파,단체,일반,청연,2,2,대표 거점과 영향권,316,경계,0,4,2,통과,보정 추정,494,1164
[청연] 공동파.md,[청연] 공동파,단체,일반,청연,3,2,기원과 전승,230,고신뢰 부족,70,90,3,통과,보정 추정,365,891
[청연] 공동파.md,[청연] 공동파,단체,일반,청연,4,2,무공과 수행 색채,251,고신뢰 부족,49,69,3,통과,보정 추정,397,957
[청연] 공동파.md,[청연] 공동파,단체,일반,청연,5,2,조직 구조,241,고신뢰 부족,59,79,3,통과,보정 추정,373,903
[청연] 공동파.md,[청연] 공동파,단체,일반,청연,6,2,대외 관계,220,고신뢰 부족,80,100,3,통과,보정 추정,358,870
[청연] 공동파.md,[청연] 공동파,단체,일반,청연,7,2,정합성 메모,135,고신뢰 부족,165,185,2,통과,보정 추정,231,569
[청연] 단령 막부.md,[청연] 단령 막부,국가,,청연,1,2,개요,253,고신뢰 부족,47,67,2,통과,보정 추정,383,919
[청연] 단령 막부.md,[청연] 단령 막부,국가,,청연,2,2,지리·환경,256,고신뢰 부족,44,64,2,통과,보정 추정,382,932
[청연] 단령 막부.md,[청연] 단령 막부,국가,,청연,3,2,역사(현재를 만든 사건들),283,추정 부족,17,37,2,통과,보정 추정,436,1052
[청연] 단령 막부.md,[청연] 단령 막부,국가,,청연,4,2,통치 구조·법·행정,286,추정 부족,14,34,2,통과,보정 추정,435,1063
[청연] 단령 막부.md,[청연] 단령 막부,국가,,청연,7,2,군사·치안·외교,303,경계,0,17,2,통과,보정 추정,454,1106
[청연] 단령 막부.md,[청연] 단령 막부,국가,,청연,8,2,경제·산업·물류,243,고신뢰 부족,57,77,2,통과,보정 추정,372,902
[청연] 단령 막부.md,[청연] 단령 막부,국가,,청연,9,2,사회·문화,247,고신뢰 부족,53,73,2,통과,보정 추정,388,956
[청연] 단령 막부.md,[청연] 단령 막부,국가,,청연,10,2,종교·신앙·초상,273,고신뢰 부족,27,47,2,통과,보정 추정,428,1053
[청연] 단령 막부.md,[청연] 단령 막부,국가,,청연,11,2,주요 지역(수도/핵심 거점),242,고신뢰 부족,58,78,2,통과,보정 추정,374,903
[청연] 단령 막부.md,[청연] 단령 막부,국가,,청연,12,2,핵심 세력,167,고신뢰 부족,133,153,1,부족,보정 추정,255,618
[청연] 단령 막부.md,[청연] 단령 막부,국가,,청연,13,2,관계,0,고신뢰 부족,300,320,0,부족,보정 추정,0,0
[청연] 단령 막부.md,[청연] 단령 막부,국가,,청연,14,3,내부 권력 구도(세력 간 관계),153,고신뢰 부족,147,167,1,부족,보정 추정,232,568
[청연] 단령 막부.md,[청연] 단령 막부,국가,,청연,15,3,외교 관계(주변 국가/연맹/교단),166,고신뢰 부족,134,154,1,부족,보정 추정,252,618
[청연] 단령 막부.md,[청연] 단령 막부,국가,,청연,16,3,정치·생존 갈등 관계,243,고신뢰 부족,57,77,2,통과,보정 추정,368,879
[청연] 단령 막부.md,[청연] 단령 막부,국가,,청연,17,3,관계 변동 조건,152,고신뢰 부족,148,168,1,부족,보정 추정,238,586
[청연] 단령 막부.md,[청연] 단령 막부,국가,,청연,18,2,현재의 갈등,201,고신뢰 부족,99,119,1,부족,보정 추정,312,756
[청연] 망서루 항구.md,[청연] 망서루 항구,도시국가,항구,청연,2,2,주권과 통치,282,추정 부족,18,38,2,통과,보정 추정,423,1037
[청연] 망서루 항구.md,[청연] 망서루 항구,도시국가,항구,청연,3,2,생존 기능과 정책,218,고신뢰 부족,82,102,2,통과,보정 추정,338,824
[청연] 망서루 항구.md,[청연] 망서루 항구,도시국가,항구,청연,4,2,갈등 관계,191,고신뢰 부족,109,129,2,통과,보정 추정,286,702
[청연] 무당파.md,[청연] 무당파,단체,일반,청연,1,2,개요,259,고신뢰 부족,41,61,3,통과,보정 추정,404,984
[청연] 무당파.md,[청연] 무당파,단체,일반,청연,2,2,대표 거점과 영향권,316,경계,0,4,2,통과,보정 추정,492,1160
[청연] 무당파.md,[청연] 무당파,단체,일반,청연,3,2,기원과 전승,266,고신뢰 부족,34,54,3,통과,보정 추정,415,1019
[청연] 무당파.md,[청연] 무당파,단체,일반,청연,4,2,무공과 수행 색채,254,고신뢰 부족,46,66,3,통과,보정 추정,409,993
[청연] 무당파.md,[청연] 무당파,단체,일반,청연,5,2,조직 구조,239,고신뢰 부족,61,81,3,통과,보정 추정,375,909
[청연] 무당파.md,[청연] 무당파,단체,일반,청연,6,2,대외 관계,217,고신뢰 부족,83,103,3,통과,보정 추정,343,837
[청연] 무당파.md,[청연] 무당파,단체,일반,청연,7,2,정합성 메모,155,고신뢰 부족,145,165,2,통과,보정 추정,259,637
[청연] 무령당.md,[청연] 무령당(巫靈堂),단체,일반,청연,1,2,개요,205,고신뢰 부족,95,115,2,통과,보정 추정,338,826
[청연] 무령당.md,[청연] 무령당(巫靈堂),단체,일반,청연,2,2,신앙적 기반,193,고신뢰 부족,107,127,2,통과,보정 추정,297,727
[청연] 무령당.md,[청연] 무령당(巫靈堂),단체,일반,청연,3,2,본거지와 활동권,225,고신뢰 부족,75,95,2,통과,보정 추정,357,859
[청연] 무령당.md,[청연] 무령당(巫靈堂),단체,일반,청연,4,2,조직 구조,182,고신뢰 부족,118,138,2,통과,보정 추정,297,713
[청연] 무령당.md,[청연] 무령당(巫靈堂),단체,일반,청연,5,2,수행 체계와 무공,210,고신뢰 부족,90,110,2,통과,보정 추정,322,778
[청연] 무령당.md,[청연] 무령당(巫靈堂),단체,일반,청연,6,2,교리와 금기,202,고신뢰 부족,98,118,2,통과,보정 추정,326,796
[청연] 무령당.md,[청연] 무령당(巫靈堂),단체,일반,청연,7,2,대외 관계,192,고신뢰 부족,108,128,2,통과,보정 추정,305,749
[청연] 무림.md,[청연] 무림,개념,일반,청연,2,2,문파·단체,0,고신뢰 부족,300,320,0,부족,보정 추정,0,0
[청연] 무림.md,[청연] 무림,개념,일반,청연,3,3,무협 계통 문파·단체,24,고신뢰 부족,276,296,0,부족,보정 추정,56,118
[청연] 무림.md,[청연] 무림,개념,일반,청연,4,3,무림·선협 경계 또는 보조 단체,18,고신뢰 부족,282,302,0,부족,보정 추정,37,83
[청연] 문사원.md,[청연] 문사원(文史院),단체,일반,청연,1,2,개요,200,고신뢰 부족,100,120,2,통과,보정 추정,333,815
[청연] 문사원.md,[청연] 문사원(文史院),단체,일반,청연,2,2,신앙적 기반,187,고신뢰 부족,113,133,2,통과,보정 추정,311,765
[청연] 문사원.md,[청연] 문사원(文史院),단체,일반,청연,3,2,본거지와 활동권,225,고신뢰 부족,75,95,2,통과,보정 추정,350,842
[청연] 문사원.md,[청연] 문사원(文史院),단체,일반,청연,4,2,조직 구조,181,고신뢰 부족,119,139,2,통과,보정 추정,292,702
[청연] 문사원.md,[청연] 문사원(文史院),단체,일반,청연,5,2,수행 체계와 무공,198,고신뢰 부족,102,122,2,통과,보정 추정,311,747
[청연] 문사원.md,[청연] 문사원(文史院),단체,일반,청연,6,2,교리와 금기,193,고신뢰 부족,107,127,2,통과,보정 추정,315,763
[청연] 문사원.md,[청연] 문사원(文史院),단체,일반,청연,7,2,대외 관계,185,고신뢰 부족,115,135,2,통과,보정 추정,295,723
[청연] 백악호선문.md,[청연] 백악호선문(白岳虎禪門),단체,일반,청연,1,2,개요,219,고신뢰 부족,81,101,2,통과,보정 추정,354,868
[청연] 백악호선문.md,[청연] 백악호선문(白岳虎禪門),단체,일반,청연,2,2,신앙적 기반,196,고신뢰 부족,104,124,2,통과,보정 추정,310,764
[청연] 백악호선문.md,[청연] 백악호선문(白岳虎禪門),단체,일반,청연,3,2,본거지와 활동권,220,고신뢰 부족,80,100,2,통과,보정 추정,346,834
[청연] 백악호선문.md,[청연] 백악호선문(白岳虎禪門),단체,일반,청연,4,2,조직 구조,205,고신뢰 부족,95,115,2,통과,보정 추정,317,765
[청연] 백악호선문.md,[청연] 백악호선문(白岳虎禪門),단체,일반,청연,5,2,수행 체계와 무공,219,고신뢰 부족,81,101,2,통과,보정 추정,338,822
[청연] 백악호선문.md,[청연] 백악호선문(白岳虎禪門),단체,일반,청연,6,2,교리와 금기,183,고신뢰 부족,117,137,2,통과,보정 추정,304,744
[청연] 백악호선문.md,[청연] 백악호선문(白岳虎禪門),단체,일반,청연,7,2,대외 관계,201,고신뢰 부족,99,119,2,통과,보정 추정,318,778
[청연] 법도부.md,[청연] 법도부(法度府),단체,일반,청연,1,2,개요,244,고신뢰 부족,56,76,2,통과,보정 추정,399,983
[청연] 법도부.md,[청연] 법도부(法度府),단체,일반,청연,2,2,신앙적 기반,194,고신뢰 부족,106,126,2,통과,보정 추정,306,744
[청연] 법도부.md,[청연] 법도부(法度府),단체,일반,청연,3,2,본거지와 활동권,217,고신뢰 부족,83,103,2,통과,보정 추정,337,817
[청연] 법도부.md,[청연] 법도부(法度府),단체,일반,청연,4,2,조직 구조,196,고신뢰 부족,104,124,2,통과,보정 추정,309,749
[청연] 법도부.md,[청연] 법도부(法度府),단체,일반,청연,5,2,수행 체계와 무공,204,고신뢰 부족,96,116,2,통과,보정 추정,318,766
[청연] 법도부.md,[청연] 법도부(法度府),단체,일반,청연,6,2,교리와 금기,195,고신뢰 부족,105,125,2,통과,보정 추정,313,761
[청연] 법도부.md,[청연] 법도부(法度府),단체,일반,청연,7,2,대외 관계,202,고신뢰 부족,98,118,2,통과,보정 추정,314,766
[청연] 선림.md,[청연] 선림,개념,일반,청연,1,2,개요,233,고신뢰 부족,67,87,2,통과,보정 추정,342,824
[청연] 선림.md,[청연] 선림,개념,일반,청연,2,2,선문·산문,0,고신뢰 부족,300,320,0,부족,보정 추정,0,0
[청연] 선림.md,[청연] 선림,개념,일반,청연,3,3,선협 계통 선문·산문,21,고신뢰 부족,279,299,0,부족,보정 추정,66,150
[청연] 소림사.md,[청연] 소림사,단체,일반,청연,1,2,개요,278,추정 부족,22,42,3,통과,보정 추정,430,1040
[청연] 소림사.md,[청연] 소림사,단체,일반,청연,3,2,기원과 전승,270,고신뢰 부족,30,50,3,통과,보정 추정,427,1049
[청연] 소림사.md,[청연] 소림사,단체,일반,청연,4,2,무공과 수행 색채,270,고신뢰 부족,30,50,3,통과,보정 추정,429,1045
[청연] 소림사.md,[청연] 소림사,단체,일반,청연,5,2,조직 구조,264,고신뢰 부족,36,56,3,통과,보정 추정,411,989
[청연] 소림사.md,[청연] 소림사,단체,일반,청연,6,2,대외 관계,243,고신뢰 부족,57,77,3,통과,보정 추정,392,964
[청연] 소림사.md,[청연] 소림사,단체,일반,청연,7,2,정합성 메모,144,고신뢰 부족,156,176,2,통과,보정 추정,246,608
[청연] 수운선문.md,[청연] 수운선문(水運禪門),단체,일반,청연,1,2,개요,219,고신뢰 부족,81,101,2,통과,보정 추정,357,875
[청연] 수운선문.md,[청연] 수운선문(水運禪門),단체,일반,청연,2,2,신앙적 기반,187,고신뢰 부족,113,133,2,통과,보정 추정,299,729
[청연] 수운선문.md,[청연] 수운선문(水運禪門),단체,일반,청연,3,2,본거지와 활동권,228,고신뢰 부족,72,92,2,통과,보정 추정,354,852
[청연] 수운선문.md,[청연] 수운선문(水運禪門),단체,일반,청연,4,2,조직 구조,192,고신뢰 부족,108,128,2,통과,보정 추정,303,735
[청연] 수운선문.md,[청연] 수운선문(水運禪門),단체,일반,청연,5,2,수행 체계와 무공,208,고신뢰 부족,92,112,2,통과,보정 추정,320,768
[청연] 수운선문.md,[청연] 수운선문(水運禪門),단체,일반,청연,6,2,교리와 금기,189,고신뢰 부족,111,131,2,통과,보정 추정,307,747
[청연] 수운선문.md,[청연] 수운선문(水運禪門),단체,일반,청연,7,2,대외 관계,206,고신뢰 부족,94,114,2,통과,보정 추정,321,787
[청연] 아미파.md,[청연] 아미파,단체,일반,청연,1,2,개요,259,고신뢰 부족,41,61,3,통과,보정 추정,392,950
[청연] 아미파.md,[청연] 아미파,단체,일반,청연,2,2,대표 거점과 영향권,313,경계,0,7,2,통과,보정 추정,491,1159
[청연] 아미파.md,[청연] 아미파,단체,일반,청연,3,2,기원과 전승,247,고신뢰 부족,53,73,3,통과,보정 추정,396,976
[청연] 아미파.md,[청연] 아미파,단체,일반,청연,4,2,무공과 수행 색채,246,고신뢰 부족,54,74,3,통과,보정 추정,384,928
[청연] 아미파.md,[청연] 아미파,단체,일반,청연,5,2,조직 구조,247,고신뢰 부족,53,73,3,통과,보정 추정,387,935
[청연] 아미파.md,[청연] 아미파,단체,일반,청연,6,2,대외 관계,224,고신뢰 부족,76,96,3,통과,보정 추정,369,901
[청연] 아미파.md,[청연] 아미파,단체,일반,청연,7,2,정합성 메모,154,고신뢰 부족,146,166,2,통과,보정 추정,253,619
[청연] 암향루.md,[청연] 암향루(暗香樓),단체,일반,청연,1,2,개요,224,고신뢰 부족,76,96,2,통과,보정 추정,350,860
[청연] 암향루.md,[청연] 암향루(暗香樓),단체,일반,청연,2,2,신앙적 기반,188,고신뢰 부족,112,132,2,통과,보정 추정,295,725
[청연] 암향루.md,[청연] 암향루(暗香樓),단체,일반,청연,3,2,본거지와 활동권,221,고신뢰 부족,79,99,2,통과,보정 추정,343,830
[청연] 암향루.md,[청연] 암향루(暗香樓),단체,일반,청연,4,2,조직 구조,204,고신뢰 부족,96,116,2,통과,보정 추정,324,794
[청연] 암향루.md,[청연] 암향루(暗香樓),단체,일반,청연,5,2,수행 체계와 무공,204,고신뢰 부족,96,116,2,통과,보정 추정,311,751
[청연] 암향루.md,[청연] 암향루(暗香樓),단체,일반,청연,6,2,교리와 금기,197,고신뢰 부족,103,123,2,통과,보정 추정,320,784
[청연] 암향루.md,[청연] 암향루(暗香樓),단체,일반,청연,7,2,대외 관계,177,고신뢰 부족,123,143,2,통과,보정 추정,289,711
[청연] 약왕곡.md,[청연] 약왕곡(藥王谷),단체,일반,청연,1,2,개요,217,고신뢰 부족,83,103,2,통과,보정 추정,346,836
[청연] 약왕곡.md,[청연] 약왕곡(藥王谷),단체,일반,청연,2,2,신앙적 기반,206,고신뢰 부족,94,114,2,통과,보정 추정,332,818
[청연] 약왕곡.md,[청연] 약왕곡(藥王谷),단체,일반,청연,3,2,본거지와 활동권,220,고신뢰 부족,80,100,2,통과,보정 추정,336,808
[청연] 약왕곡.md,[청연] 약왕곡(藥王谷),단체,일반,청연,4,2,조직 구조,201,고신뢰 부족,99,119,2,통과,보정 추정,313,755
[청연] 약왕곡.md,[청연] 약왕곡(藥王谷),단체,일반,청연,5,2,수행 체계와 무공,214,고신뢰 부족,86,106,2,통과,보정 추정,337,821
[청연] 약왕곡.md,[청연] 약왕곡(藥王谷),단체,일반,청연,6,2,교리와 금기,184,고신뢰 부족,116,136,2,통과,보정 추정,305,745
[청연] 약왕곡.md,[청연] 약왕곡(藥王谷),단체,일반,청연,7,2,대외 관계,188,고신뢰 부족,112,132,2,통과,보정 추정,301,739
[청연] 운경 황국.md,[청연] 운경 황국,국가,,청연,2,2,지리·환경,306,경계,0,14,2,통과,보정 추정,460,1122
[청연] 운경 황국.md,[청연] 운경 황국,국가,,청연,4,2,통치 구조·법·행정,0,고신뢰 부족,300,320,0,부족,보정 추정,0,0
[청연] 운경 황국.md,[청연] 운경 황국,국가,,청연,8,2,경제·산업·물류,315,경계,0,5,2,통과,보정 추정,480,1172
[청연] 운경 황국.md,[청연] 운경 황국,국가,,청연,14,3,내부 권력 구도(세력 간 관계),305,경계,0,15,2,통과,보정 추정,474,1171
[청연] 운경 황국.md,[청연] 운경 황국,국가,,청연,16,3,관계 변동 조건,305,경계,0,15,2,통과,보정 추정,475,1141
[청연] 월영궁.md,[청연] 월영궁(月影宮),단체,일반,청연,1,2,개요,220,고신뢰 부족,80,100,2,통과,보정 추정,353,861
[청연] 월영궁.md,[청연] 월영궁(月影宮),단체,일반,청연,2,2,신앙적 기반,191,고신뢰 부족,109,129,2,통과,보정 추정,301,735
[청연] 월영궁.md,[청연] 월영궁(月影宮),단체,일반,청연,3,2,본거지와 활동권,231,고신뢰 부족,69,89,2,통과,보정 추정,354,856
[청연] 월영궁.md,[청연] 월영궁(月影宮),단체,일반,청연,4,2,조직 구조,210,고신뢰 부족,90,110,2,통과,보정 추정,331,803
[청연] 월영궁.md,[청연] 월영궁(月影宮),단체,일반,청연,5,2,수행 체계와 무공,230,고신뢰 부족,70,90,2,통과,보정 추정,362,880
[청연] 월영궁.md,[청연] 월영궁(月影宮),단체,일반,청연,6,2,교리와 금기,205,고신뢰 부족,95,115,2,통과,보정 추정,327,795
[청연] 월영궁.md,[청연] 월영궁(月影宮),단체,일반,청연,7,2,대외 관계,186,고신뢰 부족,114,134,2,통과,보정 추정,292,718
[청연] 점창파.md,[청연] 점창파,단체,일반,청연,1,2,개요,238,고신뢰 부족,62,82,3,통과,보정 추정,364,881
[청연] 점창파.md,[청연] 점창파,단체,일반,청연,2,2,대표 거점과 영향권,320,경계,0,0,2,통과,보정 추정,496,1170
[청연] 점창파.md,[청연] 점창파,단체,일반,청연,3,2,기원과 전승,230,고신뢰 부족,70,90,3,통과,보정 추정,360,876
[청연] 점창파.md,[청연] 점창파,단체,일반,청연,4,2,무공과 수행 색채,249,고신뢰 부족,51,71,3,통과,보정 추정,395,949
[청연] 점창파.md,[청연] 점창파,단체,일반,청연,5,2,조직 구조,222,고신뢰 부족,78,98,3,통과,보정 추정,356,858
[청연] 점창파.md,[청연] 점창파,단체,일반,청연,6,2,대외 관계,209,고신뢰 부족,91,111,3,통과,보정 추정,336,810
[청연] 점창파.md,[청연] 점창파,단체,일반,청연,7,2,정합성 메모,128,고신뢰 부족,172,192,2,통과,보정 추정,211,519
[청연] 종남파.md,[청연] 종남파,단체,일반,청연,1,2,개요,250,고신뢰 부족,50,70,3,통과,보정 추정,391,945
[청연] 종남파.md,[청연] 종남파,단체,일반,청연,2,2,대표 거점과 영향권,314,경계,0,6,2,통과,보정 추정,496,1172
[청연] 종남파.md,[청연] 종남파,단체,일반,청연,3,2,기원과 전승,232,고신뢰 부족,68,88,3,통과,보정 추정,365,885
[청연] 종남파.md,[청연] 종남파,단체,일반,청연,4,2,무공과 수행 색채,241,고신뢰 부족,59,79,3,통과,보정 추정,385,925
[청연] 종남파.md,[청연] 종남파,단체,일반,청연,5,2,조직 구조,242,고신뢰 부족,58,78,3,통과,보정 추정,385,931
[청연] 종남파.md,[청연] 종남파,단체,일반,청연,6,2,대외 관계,210,고신뢰 부족,90,110,3,통과,보정 추정,338,820
[청연] 종남파.md,[청연] 종남파,단체,일반,청연,7,2,정합성 메모,142,고신뢰 부족,158,178,2,통과,보정 추정,242,596
[청연] 진명영 항구.md,[청연] 진명영 항구,도시국가,항구,청연,2,2,주권과 통치,274,고신뢰 부족,26,46,2,통과,보정 추정,412,1015
[청연] 진명영 항구.md,[청연] 진명영 항구,도시국가,항구,청연,3,2,생존 기능과 정책,206,고신뢰 부족,94,114,2,통과,보정 추정,327,798
[청연] 진명영 항구.md,[청연] 진명영 항구,도시국가,항구,청연,4,2,갈등 관계,199,고신뢰 부족,101,121,2,통과,보정 추정,296,726
[청연] 천마신교.md,[청연] 천마신교,단체,일반,청연,2,2,기원과 설립,262,고신뢰 부족,38,58,2,통과,보정 추정,422,1042
[청연] 천마신교.md,[청연] 천마신교,단체,일반,청연,3,2,목적과 활동 방식,269,고신뢰 부족,31,51,2,통과,보정 추정,435,1060
[청연] 천마신교.md,[청연] 천마신교,단체,일반,청연,4,2,조직 구조,264,고신뢰 부족,36,56,2,통과,보정 추정,429,1055
[청연] 천마신교.md,[청연] 천마신교,단체,일반,청연,5,2,규모와 거점,276,고신뢰 부족,24,44,2,통과,보정 추정,455,1123
[청연] 천마신교.md,[청연] 천마신교,단체,일반,청연,6,2,자원과 상징,270,고신뢰 부족,30,50,2,통과,보정 추정,417,1020
[청연] 천마신교.md,[청연] 천마신교,단체,일반,청연,7,2,대외 관계,261,고신뢰 부족,39,59,2,통과,보정 추정,421,1041
[청연] 천마신교.md,[청연] 천마신교,단체,일반,청연,8,2,내부 갈등과 약점,244,고신뢰 부족,56,76,2,통과,보정 추정,392,964
[청연] 천마신교.md,[청연] 천마신교,단체,일반,청연,9,2,현재 동향,239,고신뢰 부족,61,81,2,통과,보정 추정,387,941
[청연] 천마신교.md,[청연] 천마신교,단체,일반,청연,10,2,부가 항목,200,고신뢰 부족,100,120,2,통과,보정 추정,320,777
[청연] 천문대 항구.md,[청연] 천문대 항구,도시국가,항구,청연,2,2,주권과 통치,265,고신뢰 부족,35,55,2,통과,보정 추정,410,1008
[청연] 천문대 항구.md,[청연] 천문대 항구,도시국가,항구,청연,3,2,생존 기능과 정책,215,고신뢰 부족,85,105,2,통과,보정 추정,337,817
[청연] 천문대 항구.md,[청연] 천문대 항구,도시국가,항구,청연,4,2,갈등 관계,205,고신뢰 부족,95,115,2,통과,보정 추정,309,759
[청연] 철갑진 항구.md,[청연] 철갑진 항구,도시국가,항구,청연,2,2,주권과 통치,286,추정 부족,14,34,2,통과,보정 추정,434,1067
[청연] 철갑진 항구.md,[청연] 철갑진 항구,도시국가,항구,청연,3,2,생존 기능과 정책,206,고신뢰 부족,94,114,2,통과,보정 추정,321,785
[청연] 철갑진 항구.md,[청연] 철갑진 항구,도시국가,항구,청연,4,2,갈등 관계,191,고신뢰 부족,109,129,2,통과,보정 추정,293,722
[청연] 청룡선문.md,[청연] 청룡선문(靑龍禪門),단체,일반,청연,1,2,개요,205,고신뢰 부족,95,115,2,통과,보정 추정,326,796
[청연] 청룡선문.md,[청연] 청룡선문(靑龍禪門),단체,일반,청연,2,2,신앙적 기반,193,고신뢰 부족,107,127,2,통과,보정 추정,301,735
[청연] 청룡선문.md,[청연] 청룡선문(靑龍禪門),단체,일반,청연,3,2,본거지와 활동권,215,고신뢰 부족,85,105,2,통과,보정 추정,328,788
[청연] 청룡선문.md,[청연] 청룡선문(靑龍禪門),단체,일반,청연,4,2,조직 구조,192,고신뢰 부족,108,128,2,통과,보정 추정,305,741
[청연] 청룡선문.md,[청연] 청룡선문(靑龍禪門),단체,일반,청연,5,2,수행 체계와 무공,211,고신뢰 부족,89,109,2,통과,보정 추정,324,784
[청연] 청룡선문.md,[청연] 청룡선문(靑龍禪門),단체,일반,청연,6,2,교리와 금기,180,고신뢰 부족,120,140,2,통과,보정 추정,297,725
[청연] 청룡선문.md,[청연] 청룡선문(靑龍禪門),단체,일반,청연,7,2,대외 관계,193,고신뢰 부족,107,127,2,통과,보정 추정,309,763
[청연] 청성파.md,[청연] 청성파,단체,일반,청연,1,2,개요,242,고신뢰 부족,58,78,3,통과,보정 추정,367,887
[청연] 청성파.md,[청연] 청성파,단체,일반,청연,2,2,대표 거점과 영향권,316,경계,0,4,2,통과,보정 추정,493,1163
[청연] 청성파.md,[청연] 청성파,단체,일반,청연,3,2,기원과 전승,223,고신뢰 부족,77,97,3,통과,보정 추정,357,877
[청연] 청성파.md,[청연] 청성파,단체,일반,청연,4,2,무공과 수행 색채,269,고신뢰 부족,31,51,3,통과,보정 추정,410,986
[청연] 청성파.md,[청연] 청성파,단체,일반,청연,5,2,조직 구조,218,고신뢰 부족,82,102,3,통과,보정 추정,349,849
[청연] 청성파.md,[청연] 청성파,단체,일반,청연,6,2,대외 관계,228,고신뢰 부족,72,92,3,통과,보정 추정,367,893
[청연] 청성파.md,[청연] 청성파,단체,일반,청연,7,2,정합성 메모,150,고신뢰 부족,150,170,2,통과,보정 추정,246,602
[청연] 풍로선문.md,[청연] 풍로선문(風路禪門),단체,일반,청연,1,2,개요,229,고신뢰 부족,71,91,2,통과,보정 추정,365,895
[청연] 풍로선문.md,[청연] 풍로선문(風路禪門),단체,일반,청연,2,2,신앙적 기반,210,고신뢰 부족,90,110,2,통과,보정 추정,328,802
[청연] 풍로선문.md,[청연] 풍로선문(風路禪門),단체,일반,청연,3,2,본거지와 활동권,255,고신뢰 부족,45,65,2,통과,보정 추정,389,939
[청연] 풍로선문.md,[청연] 풍로선문(風路禪門),단체,일반,청연,4,2,조직 구조,205,고신뢰 부족,95,115,2,통과,보정 추정,333,809
[청연] 풍로선문.md,[청연] 풍로선문(風路禪門),단체,일반,청연,5,2,수행 체계와 무공,237,고신뢰 부족,63,83,2,통과,보정 추정,366,888
[청연] 풍로선문.md,[청연] 풍로선문(風路禪門),단체,일반,청연,6,2,교리와 금기,197,고신뢰 부족,103,123,2,통과,보정 추정,326,798
[청연] 풍로선문.md,[청연] 풍로선문(風路禪門),단체,일반,청연,7,2,대외 관계,199,고신뢰 부족,101,121,2,통과,보정 추정,319,787
[청연] 하오문.md,[청연] 하오문,단체,일반,청연,1,2,개요,246,고신뢰 부족,54,74,3,통과,보정 추정,379,917
[청연] 하오문.md,[청연] 하오문,단체,일반,청연,3,2,기원과 전승,252,고신뢰 부족,48,68,3,통과,보정 추정,403,983
[청연] 하오문.md,[청연] 하오문,단체,일반,청연,4,2,무공과 수행 색채,253,고신뢰 부족,47,67,3,통과,보정 추정,397,939
[청연] 하오문.md,[청연] 하오문,단체,일반,청연,5,2,조직 구조,229,고신뢰 부족,71,91,3,통과,보정 추정,368,890
[청연] 하오문.md,[청연] 하오문,단체,일반,청연,6,2,대외 관계,286,추정 부족,14,34,3,통과,보정 추정,460,1120
[청연] 하오문.md,[청연] 하오문,단체,일반,청연,7,2,정합성 메모,146,고신뢰 부족,154,174,2,통과,보정 추정,240,588
[청연] 해뢰선문.md,[청연] 해뢰선문(海雷禪門),단체,일반,청연,1,2,개요,226,고신뢰 부족,74,94,2,통과,보정 추정,356,876
[청연] 해뢰선문.md,[청연] 해뢰선문(海雷禪門),단체,일반,청연,2,2,신앙적 기반,189,고신뢰 부족,111,131,2,통과,보정 추정,304,744
[청연] 해뢰선문.md,[청연] 해뢰선문(海雷禪門),단체,일반,청연,3,2,본거지와 활동권,218,고신뢰 부족,82,102,2,통과,보정 추정,325,781
[청연] 해뢰선문.md,[청연] 해뢰선문(海雷禪門),단체,일반,청연,4,2,조직 구조,193,고신뢰 부족,107,127,2,통과,보정 추정,297,722
[청연] 해뢰선문.md,[청연] 해뢰선문(海雷禪門),단체,일반,청연,5,2,수행 체계와 무공,204,고신뢰 부족,96,116,2,통과,보정 추정,314,760
[청연] 해뢰선문.md,[청연] 해뢰선문(海雷禪門),단체,일반,청연,6,2,교리와 금기,184,고신뢰 부족,116,136,2,통과,보정 추정,305,745
[청연] 해뢰선문.md,[청연] 해뢰선문(海雷禪門),단체,일반,청연,7,2,대외 관계,201,고신뢰 부족,99,119,2,통과,보정 추정,312,762
[청연] 해월 연방.md,[청연] 해월 연방,국가,연맹,청연,1,2,개요,287,추정 부족,13,33,2,통과,보정 추정,429,1042
[청연] 해월 연방.md,[청연] 해월 연방,국가,연맹,청연,4,2,통치 구조·법·행정,310,경계,0,10,2,통과,보정 추정,458,1117
[청연] 해월 연방.md,[청연] 해월 연방,국가,연맹,청연,9,2,사회·문화,288,추정 부족,12,32,2,통과,보정 추정,438,1078
[청연] 해월 연방.md,[청연] 해월 연방,국가,연맹,청연,10,2,종교·신앙·초상,279,추정 부족,21,41,2,통과,보정 추정,421,1027
[청연] 해월 연방.md,[청연] 해월 연방,국가,연맹,청연,11,2,주요 지역(수도/핵심 거점),250,고신뢰 부족,50,70,2,통과,보정 추정,380,936
[청연] 해월 연방.md,[청연] 해월 연방,국가,연맹,청연,12,2,핵심 세력,276,고신뢰 부족,24,44,2,통과,보정 추정,432,1060
[청연] 해월 연방.md,[청연] 해월 연방,국가,연맹,청연,13,2,관계,0,고신뢰 부족,300,320,0,부족,보정 추정,0,0
[청연] 해월 연방.md,[청연] 해월 연방,국가,연맹,청연,14,3,내부 권력 구도(세력 간 관계),271,고신뢰 부족,29,49,2,통과,보정 추정,402,984
[청연] 해월 연방.md,[청연] 해월 연방,국가,연맹,청연,15,3,외교 관계(주변 국가/연맹/교단),228,고신뢰 부족,72,92,2,통과,보정 추정,362,882
[청연] 해월 연방.md,[청연] 해월 연방,국가,연맹,청연,16,3,정치·생존 갈등 관계,262,고신뢰 부족,38,58,2,통과,보정 추정,399,947
[청연] 해월 연방.md,[청연] 해월 연방,국가,연맹,청연,17,3,관계 변동 조건,247,고신뢰 부족,53,73,2,통과,보정 추정,386,942
[청연] 해월 연방.md,[청연] 해월 연방,국가,연맹,청연,18,2,현재의 갈등,197,고신뢰 부족,103,123,1,부족,보정 추정,304,749
[청연] 해월진 항구.md,[청연] 해월진 항구,도시국가,항구,청연,1,2,개요,305,경계,0,15,2,통과,보정 추정,457,1081
[청연] 해월진 항구.md,[청연] 해월진 항구,도시국가,항구,청연,2,2,주권과 통치,265,고신뢰 부족,35,55,2,통과,보정 추정,402,986
[청연] 해월진 항구.md,[청연] 해월진 항구,도시국가,항구,청연,3,2,생존 기능과 정책,205,고신뢰 부족,95,115,2,통과,보정 추정,323,788
[청연] 해월진 항구.md,[청연] 해월진 항구,도시국가,항구,청연,4,2,갈등 관계,201,고신뢰 부족,99,119,2,통과,보정 추정,298,732
[청연] 화산파.md,[청연] 화산파,단체,일반,청연,1,2,개요,235,고신뢰 부족,65,85,3,통과,보정 추정,357,867
[청연] 화산파.md,[청연] 화산파,단체,일반,청연,3,2,기원과 전승,242,고신뢰 부족,58,78,3,통과,보정 추정,366,888
[청연] 화산파.md,[청연] 화산파,단체,일반,청연,4,2,무공과 수행 색채,253,고신뢰 부족,47,67,3,통과,보정 추정,395,959
[청연] 화산파.md,[청연] 화산파,단체,일반,청연,5,2,조직 구조,245,고신뢰 부족,55,75,3,통과,보정 추정,367,875
[청연] 화산파.md,[청연] 화산파,단체,일반,청연,6,2,대외 관계,220,고신뢰 부족,80,100,3,통과,보정 추정,353,857
[청연] 화산파.md,[청연] 화산파,단체,일반,청연,7,2,정합성 메모,153,고신뢰 부족,147,167,2,통과,보정 추정,249,611
[청연] 흑린망룡 설화.md,[청연] 흑린망룡 설화,설화,주요,청연,1,2,개요,299,추정 부족,1,21,2,통과,보정 추정,492,1208
[청연] 흑린망룡 설화.md,[청연] 흑린망룡 설화,설화,주요,청연,2,2,라크샤라의 패주자,308,경계,0,12,2,통과,보정 추정,501,1245
[청연] 흑린망룡 설화.md,[청연] 흑린망룡 설화,설화,주요,청연,5,2,본토로 돌아가려는 용,295,추정 부족,5,25,2,통과,보정 추정,470,1166
[청연] 흑린망룡 설화.md,[청연] 흑린망룡 설화,설화,주요,청연,6,2,전승 주체별 판본,295,추정 부족,5,25,2,통과,보정 추정,469,1161
[청연] 흑린망룡 설화.md,[청연] 흑린망룡 설화,설화,주요,청연,7,2,관측과 설화의 경계,276,고신뢰 부족,24,44,2,통과,보정 추정,458,1138
[청연] 흑야회.md,[청연] 흑야회(黑夜會),단체,일반,청연,1,2,개요,216,고신뢰 부족,84,104,2,통과,보정 추정,344,838
[청연] 흑야회.md,[청연] 흑야회(黑夜會),단체,일반,청연,2,2,신앙적 기반,203,고신뢰 부족,97,117,2,통과,보정 추정,325,797
[청연] 흑야회.md,[청연] 흑야회(黑夜會),단체,일반,청연,3,2,본거지와 활동권,228,고신뢰 부족,72,92,2,통과,보정 추정,355,857
[청연] 흑야회.md,[청연] 흑야회(黑夜會),단체,일반,청연,4,2,조직 구조,202,고신뢰 부족,98,118,2,통과,보정 추정,325,789
[청연] 흑야회.md,[청연] 흑야회(黑夜會),단체,일반,청연,5,2,수행 체계와 무공,202,고신뢰 부족,98,118,2,통과,보정 추정,308,740
[청연] 흑야회.md,[청연] 흑야회(黑夜會),단체,일반,청연,6,2,교리와 금기,199,고신뢰 부족,101,121,2,통과,보정 추정,318,770
[청연] 흑야회.md,[청연] 흑야회(黑夜會),단체,일반,청연,7,2,대외 관계,196,고신뢰 부족,104,124,2,통과,보정 추정,320,788
가호 사냥꾼.md,가호 사냥꾼,개념,일반,,2,2,기원,290,추정 부족,10,30,2,통과,보정 추정,452,1094
가호 사냥꾼.md,가호 사냥꾼,개념,일반,,3,2,조직화의 형태,298,추정 부족,2,22,2,통과,보정 추정,473,1155
갑각요새국 카르키논.md,갑각요새국 카르키논,국가,주요,심연의 의회,2,2,지리·환경,310,경계,0,10,3,통과,보정 추정,475,1149
갑각요새국 카르키논.md,갑각요새국 카르키논,국가,주요,심연의 의회,6,2,군사·치안·외교,295,추정 부족,5,25,4,통과,보정 추정,463,1133
갑각요새국 카르키논.md,갑각요새국 카르키논,국가,주요,심연의 의회,10,2,주요 지역(수도/핵심 거점),318,경계,0,2,4,통과,보정 추정,494,1198
갑각요새국 카르키논.md,갑각요새국 카르키논,국가,주요,심연의 의회,12,2,관계,0,고신뢰 부족,300,320,0,부족,보정 추정,0,0
갑각요새국 카르키논.md,갑각요새국 카르키논,국가,주요,심연의 의회,13,3,내부 권력 구도(세력 간 관계),100,고신뢰 부족,200,220,2,통과,보정 추정,151,367
갑각요새국 카르키논.md,갑각요새국 카르키논,국가,주요,심연의 의회,14,3,외교 관계(주변 국가/연맹/교단),81,고신뢰 부족,219,239,2,통과,보정 추정,131,327
갑각요새국 카르키논.md,갑각요새국 카르키논,국가,주요,심연의 의회,16,3,관계 변동 조건,83,고신뢰 부족,217,237,2,통과,보정 추정,130,312
강철 제국 데우스.md,강철 제국 데우스,국가,,칼디라,1,2,개요,316,경계,0,4,2,통과,보정 추정,471,1149
강철 제국 데우스.md,강철 제국 데우스,국가,,칼디라,10,2,종교·신앙·초상,270,고신뢰 부족,30,50,2,통과,보정 추정,432,1061
강철 제국 데우스.md,강철 제국 데우스,국가,,칼디라,11,2,주요 지역(수도/핵심 거점),109,고신뢰 부족,191,211,1,부족,보정 추정,172,428
강철 제국 데우스.md,강철 제국 데우스,국가,,칼디라,12,2,핵심 세력,281,추정 부족,19,39,2,통과,보정 추정,444,1087
강철 제국 데우스.md,강철 제국 데우스,국가,,칼디라,13,2,관계,0,고신뢰 부족,300,320,0,부족,보정 추정,0,0
강철 제국 데우스.md,강철 제국 데우스,국가,,칼디라,14,3,내부 권력 구도(세력 간 관계),223,고신뢰 부족,77,97,2,통과,보정 추정,360,880
강철 제국 데우스.md,강철 제국 데우스,국가,,칼디라,15,3,외교 관계(주변 국가/연맹/교단),139,고신뢰 부족,161,181,1,부족,보정 추정,216,536
강철 제국 데우스.md,강철 제국 데우스,국가,,칼디라,16,3,정치·생존 갈등 관계,306,경계,0,14,2,통과,보정 추정,463,1097
강철 제국 데우스.md,강철 제국 데우스,국가,,칼디라,17,3,관계 변동 조건,115,고신뢰 부족,185,205,1,부족,보정 추정,172,422
강철 제국 데우스.md,강철 제국 데우스,국가,,칼디라,18,2,현재의 갈등,227,고신뢰 부족,73,93,2,통과,보정 추정,361,883
검은 광기.md,검은 광기,개념,일반,,1,2,개요,293,정밀 부족,7,27,2,통과,정밀값,468,1115
검은 광기.md,검은 광기,개념,일반,,2,2,발생 조건,256,정밀 부족,44,64,2,통과,정밀값,413,992
검은 광기.md,검은 광기,개념,일반,,3,2,진행 양상,226,정밀 부족,74,94,2,통과,정밀값,376,924
검은 광기.md,검은 광기,개념,일반,,4,2,각성과 던전화,208,정밀 부족,92,112,2,통과,정밀값,349,839
검은 광기.md,검은 광기,개념,일반,,5,2,잔향과 ‘오해 가능한 예외’,230,정밀 부족,70,90,2,통과,정밀값,384,930
검은 광기.md,검은 광기,개념,일반,,6,2,사회적 파장,165,정밀 부족,135,155,1,부족,정밀값,271,657
공포의 의회.md,공포의 의회,단체,주요,범대륙,1,2,개요,259,정밀 부족,41,61,2,통과,정밀값,385,935
공포의 의회.md,공포의 의회,단체,주요,범대륙,2,2,기원과 설립,227,정밀 부족,73,93,2,통과,정밀값,354,874
공포의 의회.md,공포의 의회,단체,주요,범대륙,3,2,목적과 활동 방식,243,정밀 부족,57,77,2,통과,정밀값,394,968
공포의 의회.md,공포의 의회,단체,주요,범대륙,4,2,조직 구조,214,정밀 부족,86,106,2,통과,정밀값,362,888
공포의 의회.md,공포의 의회,단체,주요,범대륙,5,2,규모와 거점,202,정밀 부족,98,118,2,통과,정밀값,311,765
공포의 의회.md,공포의 의회,단체,주요,범대륙,6,2,자원과 상징,162,정밀 부족,138,158,2,통과,정밀값,256,626
공포의 의회.md,공포의 의회,단체,주요,범대륙,7,2,대외 관계,180,정밀 부족,120,140,2,통과,정밀값,278,670
공포의 의회.md,공포의 의회,단체,주요,범대륙,8,2,내부 갈등과 약점,174,정밀 부족,126,146,2,통과,정밀값,288,706
공포의 의회.md,공포의 의회,단체,주요,범대륙,9,2,현재 동향,158,정밀 부족,142,162,2,통과,정밀값,269,661
공포의 의회.md,공포의 의회,단체,주요,범대륙,10,2,부가 항목,101,정밀 부족,199,219,1,부족,정밀값,164,402
그라니타헤이븐 항구.md,그라니타헤이븐 항구,도시국가,항구,발가르,2,2,주권과 통치,280,정밀 부족,20,40,2,통과,정밀값,417,1032
그라니타헤이븐 항구.md,그라니타헤이븐 항구,도시국가,항구,발가르,3,2,생존 기능과 정책,209,정밀 부족,91,111,2,통과,정밀값,329,802
그라니타헤이븐 항구.md,그라니타헤이븐 항구,도시국가,항구,발가르,4,2,갈등 관계,195,정밀 부족,105,125,2,통과,정밀값,296,737
그림니르.md,그림니르,인물,주요,,1,2,개요,233,고신뢰 부족,67,87,1,부족,보정 추정,362,880
기년법 Ausvalen Cataclysm (BAC AAC).md,기년법: Ausvalen Cataclysm (BAC/AAC),개념,주요,범대륙,1,2,개요,275,고신뢰 부족,25,45,3,통과,보정 추정,473,927
기년법 Ausvalen Cataclysm (BAC AAC).md,기년법: Ausvalen Cataclysm (BAC/AAC),개념,주요,범대륙,2,2,표기 규칙,112,정밀 부족,188,208,2,통과,정밀값,178,398
기년법 Ausvalen Cataclysm (BAC AAC).md,기년법: Ausvalen Cataclysm (BAC/AAC),개념,주요,범대륙,3,2,예시,142,고신뢰 부족,158,178,0,부족,보정 추정,229,467
길드스톤 항구.md,길드스톤 항구,도시국가,항구,칼디라,1,2,개요,239,고신뢰 부족,61,81,2,통과,보정 추정,346,817
길드스톤 항구.md,길드스톤 항구,도시국가,항구,칼디라,2,2,주권과 통치,217,고신뢰 부족,83,103,2,통과,보정 추정,337,819
길드스톤 항구.md,길드스톤 항구,도시국가,항구,칼디라,3,2,생존 기능과 정책,183,고신뢰 부족,117,137,2,통과,보정 추정,281,696
길드스톤 항구.md,길드스톤 항구,도시국가,항구,칼디라,4,2,갈등 관계,245,고신뢰 부족,55,75,0,부족,보정 추정,373,864
넘어온 자들.md,넘어온 자들,개념,주요,,1,2,개요,121,정밀 부족,179,199,2,통과,정밀값,206,500
네베아 대륙.md,네베아 대륙,지형,대륙,,2,2,지형·기후 골격,193,정밀 부족,107,127,2,통과,정밀값,268,627
네베아 대륙.md,네베아 대륙,지형,대륙,,3,2,생활권 지도,268,고신뢰 부족,32,52,1,부족,보정 추정,388,887
네베아 대륙.md,네베아 대륙,지형,대륙,,4,2,핵심 지형 요소,0,고신뢰 부족,300,320,0,부족,보정 추정,0,0
네베아 대륙.md,네베아 대륙,지형,대륙,,5,3,산맥·봉우리,143,고신뢰 부족,157,177,0,부족,보정 추정,211,486
네베아 대륙.md,네베아 대륙,지형,대륙,,6,3,강·수계,132,고신뢰 부족,168,188,0,부족,보정 추정,198,458
네베아 대륙.md,네베아 대륙,지형,대륙,,7,3,호수·결빙 수역,46,고신뢰 부족,254,274,0,부족,보정 추정,68,160
네베아 대륙.md,네베아 대륙,지형,대륙,,8,3,설림(눈 덮인 숲)·완충지,185,고신뢰 부족,115,135,0,부족,보정 추정,260,596
네베아 대륙.md,네베아 대륙,지형,대륙,,9,2,수계·물길,133,정밀 부족,167,187,1,부족,정밀값,199,484
네베아 대륙.md,네베아 대륙,지형,대륙,,11,2,권위권·경계,129,정밀 부족,171,191,1,부족,정밀값,185,455
네베아 대륙.md,네베아 대륙,지형,대륙,,12,2,이동·관문·완충지,146,정밀 부족,154,174,1,부족,정밀값,213,531
네베아 대륙.md,네베아 대륙,지형,대륙,,13,2,대륙 규모의 위협·변수,161,고신뢰 부족,139,159,0,부족,보정 추정,244,548
녹턴 대륙.md,녹턴 대륙,지형,대륙,,2,2,지형·기후 골격,253,고신뢰 부족,47,67,2,통과,보정 추정,381,880
녹턴 대륙.md,녹턴 대륙,지형,대륙,,3,2,생활권 지도,200,고신뢰 부족,100,120,1,부족,보정 추정,300,671
녹턴 대륙.md,녹턴 대륙,지형,대륙,,4,2,핵심 지형 요소,0,고신뢰 부족,300,320,0,부족,보정 추정,0,0
녹턴 대륙.md,녹턴 대륙,지형,대륙,,5,3,군도·해역,88,고신뢰 부족,212,232,0,부족,보정 추정,135,287
녹턴 대륙.md,녹턴 대륙,지형,대륙,,6,3,산맥·언덕·숲(사체 골격 지형),91,고신뢰 부족,209,229,0,부족,보정 추정,123,259
녹턴 대륙.md,녹턴 대륙,지형,대륙,,7,2,수계·물길,107,정밀 부족,193,213,1,부족,정밀값,161,389
녹턴 대륙.md,녹턴 대륙,지형,대륙,,8,2,문명권 구조,204,고신뢰 부족,96,116,1,부족,보정 추정,291,657
녹턴 대륙.md,녹턴 대륙,지형,대륙,,9,2,권위권·경계,135,정밀 부족,165,185,1,부족,정밀값,218,534
녹턴 대륙.md,녹턴 대륙,지형,대륙,,10,2,이동·관문·완충지,225,고신뢰 부족,75,95,3,통과,보정 추정,328,730
녹턴 대륙.md,녹턴 대륙,지형,대륙,,11,2,대륙 규모의 위협·변수,127,고신뢰 부족,173,193,0,부족,보정 추정,195,445
대마경 아우스발렌 던전.md,대마경 아우스발렌 던전,사건,주요,에리디안,2,2,정체와 해석,223,고신뢰 부족,77,97,2,통과,보정 추정,364,892
대마경 아우스발렌 던전.md,대마경 아우스발렌 던전,사건,주요,에리디안,3,2,이후의 흐름,252,고신뢰 부족,48,68,2,통과,보정 추정,401,965
대지의 신성 왕국 르기안.md,대지의 신성 왕국 르기안,국가,,발가르,2,2,지리·환경,264,고신뢰 부족,36,56,2,통과,보정 추정,398,968
대지의 신성 왕국 르기안.md,대지의 신성 왕국 르기안,국가,,발가르,3,2,역사(현재를 만든 사건들),306,경계,0,14,2,통과,보정 추정,479,1179
대지의 신성 왕국 르기안.md,대지의 신성 왕국 르기안,국가,,발가르,4,2,통치 구조·법·행정,292,추정 부족,8,28,2,통과,보정 추정,450,1096
대지의 신성 왕국 르기안.md,대지의 신성 왕국 르기안,국가,,발가르,7,2,군사·치안·외교,237,고신뢰 부족,63,83,2,통과,보정 추정,373,919
대지의 신성 왕국 르기안.md,대지의 신성 왕국 르기안,국가,,발가르,8,2,경제·산업·물류,258,고신뢰 부족,42,62,2,통과,보정 추정,390,944
대지의 신성 왕국 르기안.md,대지의 신성 왕국 르기안,국가,,발가르,9,2,사회·문화,248,고신뢰 부족,52,72,2,통과,보정 추정,377,927
대지의 신성 왕국 르기안.md,대지의 신성 왕국 르기안,국가,,발가르,10,2,종교·신앙·초상,288,추정 부족,12,32,2,통과,보정 추정,445,1083
대지의 신성 왕국 르기안.md,대지의 신성 왕국 르기안,국가,,발가르,11,2,주요 지역(수도/핵심 거점),221,고신뢰 부족,79,99,2,통과,보정 추정,341,828
대지의 신성 왕국 르기안.md,대지의 신성 왕국 르기안,국가,,발가르,12,2,핵심 세력,256,고신뢰 부족,44,64,2,통과,보정 추정,396,966
대지의 신성 왕국 르기안.md,대지의 신성 왕국 르기안,국가,,발가르,13,2,관계,0,고신뢰 부족,300,320,0,부족,보정 추정,0,0
대지의 신성 왕국 르기안.md,대지의 신성 왕국 르기안,국가,,발가르,14,3,내부 권력 구도(세력 간 관계),131,고신뢰 부족,169,189,1,부족,보정 추정,200,492
대지의 신성 왕국 르기안.md,대지의 신성 왕국 르기안,국가,,발가르,15,3,외교 관계(주변 국가/연맹/교단),152,고신뢰 부족,148,168,1,부족,보정 추정,226,557
대지의 신성 왕국 르기안.md,대지의 신성 왕국 르기안,국가,,발가르,16,3,정치·생존 갈등 관계,288,추정 부족,12,32,2,통과,보정 추정,432,1033
대지의 신성 왕국 르기안.md,대지의 신성 왕국 르기안,국가,,발가르,17,3,관계 변동 조건,136,고신뢰 부족,164,184,1,부족,보정 추정,211,518
대지의 신성 왕국 르기안.md,대지의 신성 왕국 르기안,국가,,발가르,18,2,현재의 갈등,190,고신뢰 부족,110,130,1,부족,보정 추정,290,703
던전.md,던전,개념,주요,범대륙,3,2,앙그라와의 관계,259,정밀 부족,41,61,2,통과,정밀값,419,1019
듀란 애시모르.md,듀란 애시모르,인물,주요,,1,2,개요,143,고신뢰 부족,157,177,1,부족,보정 추정,231,563
드래곤.md,드래곤,종족,,,3,2,천룡의 신성과 성장,306,경계,0,14,3,통과,보정 추정,488,1184
드래곤.md,드래곤,종족,,,6,2,세계수와 관측,179,고신뢰 부족,121,141,2,통과,보정 추정,303,743
드래곤.md,드래곤,종족,,,7,2,기록된 일화: ‘안개의 날개’,227,고신뢰 부족,73,93,2,통과,보정 추정,336,812
드로이드.md,드로이드,종족,,,1,2,개요,287,추정 부족,13,33,2,통과,보정 추정,460,1146
드로이드.md,드로이드,종족,,,2,2,기원과 제작 철학,171,고신뢰 부족,129,149,1,부족,보정 추정,273,681
드로이드.md,드로이드,종족,,,3,2,통제 체계와 각인,161,고신뢰 부족,139,159,1,부족,보정 추정,268,673
드로이드.md,드로이드,종족,,,4,2,모듈 (기능 재구성 체계),247,고신뢰 부족,53,73,2,통과,보정 추정,393,968
드로이드.md,드로이드,종족,,,6,2,대외 관계와 현재의 긴장,260,고신뢰 부족,40,60,2,통과,보정 추정,425,1051
라크샤라 대륙.md,라크샤라 대륙,,,,2,2,지형·기후 골격,186,고신뢰 부족,114,134,2,통과,보정 추정,278,689
라크샤라 대륙.md,라크샤라 대륙,,,,3,3,용성과 대륙의 형성,181,정밀 부족,119,139,2,통과,정밀값,260,639
라크샤라 대륙.md,라크샤라 대륙,,,,4,3,표층·협곡·하층의 연결,182,정밀 부족,118,138,2,통과,정밀값,283,689
라크샤라 대륙.md,라크샤라 대륙,,,,5,2,핵심 지형 요소,157,고신뢰 부족,143,163,2,통과,보정 추정,248,610
라크샤라 대륙.md,라크샤라 대륙,,,,6,3,표층 생태권,178,고신뢰 부족,122,142,2,통과,보정 추정,270,662
라크샤라 대륙.md,라크샤라 대륙,,,,15,3,용맥의 심장,156,고신뢰 부족,144,164,2,통과,보정 추정,240,595
라크샤라 대륙.md,라크샤라 대륙,,,,16,4,구조와 생태 순환,132,정밀 부족,168,188,2,통과,정밀값,204,494
라크샤라 대륙.md,라크샤라 대륙,,,,17,4,토착 생물의 인식,132,정밀 부족,168,188,2,통과,정밀값,203,498
라크샤라 대륙.md,라크샤라 대륙,,,,18,2,생활권 지도,167,고신뢰 부족,133,153,2,통과,보정 추정,254,617
라크샤라 대륙.md,라크샤라 대륙,,,,19,3,수인종과 용종의 생활권,162,정밀 부족,138,158,2,통과,정밀값,256,629
라크샤라 대륙.md,라크샤라 대륙,,,,20,3,외부 정착권과 조사 거점,203,정밀 부족,97,117,2,통과,정밀값,303,733
라크샤라 대륙.md,라크샤라 대륙,,,,21,2,문명권 구조,159,고신뢰 부족,141,161,2,통과,보정 추정,225,548
라크샤라 대륙.md,라크샤라 대륙,,,,22,3,원소충과 용성 식생,161,정밀 부족,139,159,2,통과,정밀값,229,568
라크샤라 대륙.md,라크샤라 대륙,,,,23,3,사냥꾼·탐사 연맹·도감,253,정밀 부족,47,67,3,통과,정밀값,375,935
라크샤라 대륙.md,라크샤라 대륙,,,,24,3,소재 산업과 대장장이,150,정밀 부족,150,170,2,통과,정밀값,221,551
라크샤라 대륙.md,라크샤라 대륙,,,,25,2,권위권·경계,170,정밀 부족,130,150,2,통과,정밀값,253,616
라크샤라 대륙.md,라크샤라 대륙,,,,26,2,수계·물길,163,고신뢰 부족,137,157,2,통과,보정 추정,232,558
라크샤라 대륙.md,라크샤라 대륙,,,,27,3,물길과 계절 경로,163,정밀 부족,137,157,2,통과,정밀값,238,584
라크샤라 대륙.md,라크샤라 대륙,,,,28,2,이동·관문·완충지,164,정밀 부족,136,156,2,통과,정밀값,265,648
라크샤라 대륙.md,라크샤라 대륙,,,,29,2,대륙 규모의 위협·변수,145,고신뢰 부족,155,175,2,통과,보정 추정,220,533
라크샤라 대륙.md,라크샤라 대륙,,,,30,3,재해룡종과 부정한 핵,161,정밀 부족,139,159,2,통과,정밀값,241,588
라크샤라 대륙.md,라크샤라 대륙,,,,31,3,용성맥 변동과 생태 재편,124,정밀 부족,176,196,2,통과,정밀값,206,502
라크샤라 대륙.md,라크샤라 대륙,,,,32,3,외부 개입과 불법 반출,151,정밀 부족,149,169,2,통과,정밀값,230,572
라크샤라 대륙.md,라크샤라 대륙,,,,33,3,사냥권·소재·공방 갈등,145,정밀 부족,155,175,2,통과,정밀값,224,550
라크샤라 대륙.md,라크샤라 대륙,,,,34,3,룩스테라에서의 위상,184,정밀 부족,116,136,2,통과,정밀값,296,726
루미나리스 신성 왕국.md,루미나리스 신성 왕국,국가,,에리디안,1,2,개요,298,추정 부족,2,22,2,통과,보정 추정,455,1110
루미나리스 신성 왕국.md,루미나리스 신성 왕국,국가,,에리디안,2,2,지리·환경,302,경계,0,18,2,통과,보정 추정,454,1109
루미나리스 신성 왕국.md,루미나리스 신성 왕국,국가,,에리디안,4,2,통치 구조·법·행정,318,경계,0,2,2,통과,보정 추정,504,1243
루미나리스 신성 왕국.md,루미나리스 신성 왕국,국가,,에리디안,7,2,군사·치안·외교,295,추정 부족,5,25,2,통과,보정 추정,457,1117
루미나리스 신성 왕국.md,루미나리스 신성 왕국,국가,,에리디안,8,2,경제·산업·물류,262,고신뢰 부족,38,58,2,통과,보정 추정,412,1011
루미나리스 신성 왕국.md,루미나리스 신성 왕국,국가,,에리디안,9,2,사회·문화,257,고신뢰 부족,43,63,2,통과,보정 추정,402,986
루미나리스 신성 왕국.md,루미나리스 신성 왕국,국가,,에리디안,10,2,종교·신앙·초상,265,고신뢰 부족,35,55,2,통과,보정 추정,413,1011
루미나리스 신성 왕국.md,루미나리스 신성 왕국,국가,,에리디안,11,2,주요 지역(수도/핵심 거점),245,고신뢰 부족,55,75,2,통과,보정 추정,382,942
루미나리스 신성 왕국.md,루미나리스 신성 왕국,국가,,에리디안,12,2,핵심 세력,229,고신뢰 부족,71,91,2,통과,보정 추정,357,870
루미나리스 신성 왕국.md,루미나리스 신성 왕국,국가,,에리디안,13,2,관계,0,고신뢰 부족,300,320,0,부족,보정 추정,0,0
루미나리스 신성 왕국.md,루미나리스 신성 왕국,국가,,에리디안,14,3,내부 권력 구도(세력 간 관계),162,고신뢰 부족,138,158,1,부족,보정 추정,261,633
루미나리스 신성 왕국.md,루미나리스 신성 왕국,국가,,에리디안,15,3,외교 관계(주변 국가/연맹/교단),124,고신뢰 부족,176,196,1,부족,보정 추정,197,487
루미나리스 신성 왕국.md,루미나리스 신성 왕국,국가,,에리디안,17,3,관계 변동 조건,133,고신뢰 부족,167,187,1,부족,보정 추정,216,536
루미나리스 신성 왕국.md,루미나리스 신성 왕국,국가,,에리디안,18,2,현재의 갈등,206,고신뢰 부족,94,114,1,부족,보정 추정,329,817
룬다르 신성 제국.md,룬다르 신성 제국,국가,,에리디안,2,2,지리·환경,275,고신뢰 부족,25,45,2,통과,보정 추정,419,1027
룬다르 신성 제국.md,룬다르 신성 제국,국가,,에리디안,4,2,통치 구조·법·행정,267,고신뢰 부족,33,53,2,통과,보정 추정,413,1018
룬다르 신성 제국.md,룬다르 신성 제국,국가,,에리디안,7,2,군사·치안·외교,262,고신뢰 부족,38,58,2,통과,보정 추정,398,972
룬다르 신성 제국.md,룬다르 신성 제국,국가,,에리디안,8,2,경제·산업·물류,253,고신뢰 부족,47,67,2,통과,보정 추정,392,957
룬다르 신성 제국.md,룬다르 신성 제국,국가,,에리디안,9,2,사회·문화,242,고신뢰 부족,58,78,2,통과,보정 추정,382,934
룬다르 신성 제국.md,룬다르 신성 제국,국가,,에리디안,10,2,종교·신앙·초상,287,추정 부족,13,33,2,통과,보정 추정,440,1079
룬다르 신성 제국.md,룬다르 신성 제국,국가,,에리디안,11,2,주요 지역(수도/핵심 거점),234,고신뢰 부족,66,86,2,통과,보정 추정,365,897
룬다르 신성 제국.md,룬다르 신성 제국,국가,,에리디안,12,2,핵심 세력,247,고신뢰 부족,53,73,2,통과,보정 추정,387,944
룬다르 신성 제국.md,룬다르 신성 제국,국가,,에리디안,13,2,관계,0,고신뢰 부족,300,320,0,부족,보정 추정,0,0
룬다르 신성 제국.md,룬다르 신성 제국,국가,,에리디안,14,3,내부 권력 구도(세력 간 관계),153,고신뢰 부족,147,167,1,부족,보정 추정,245,614
룬다르 신성 제국.md,룬다르 신성 제국,국가,,에리디안,15,3,외교 관계(주변 국가/연맹/교단),149,고신뢰 부족,151,171,1,부족,보정 추정,216,520
룬다르 신성 제국.md,룬다르 신성 제국,국가,,에리디안,17,3,관계 변동 조건,147,고신뢰 부족,153,173,1,부족,보정 추정,233,582
룬다르 신성 제국.md,룬다르 신성 제국,국가,,에리디안,18,2,현재의 갈등,197,고신뢰 부족,103,123,1,부족,보정 추정,302,750
리프안코르 항구.md,리프안코르 항구,도시국가,항구,실란도르,2,2,주권과 통치,292,정밀 부족,8,28,2,통과,정밀값,437,1080
리프안코르 항구.md,리프안코르 항구,도시국가,항구,실란도르,3,2,생존 기능과 정책,221,정밀 부족,79,99,2,통과,정밀값,342,834
리프안코르 항구.md,리프안코르 항구,도시국가,항구,실란도르,4,2,갈등 관계,193,정밀 부족,107,127,2,통과,정밀값,292,714
무림(武林) 최소 개념 정리.md,무림(武林) 최소 개념 정리,개념,지침,,1,2,개요,1,정밀 부족,299,319,1,부족,정밀값,2,6
무림(武林) 최소 개념 정리.md,무림(武林) 최소 개념 정리,개념,지침,,2,2,문파,97,정밀 부족,203,223,1,부족,정밀값,165,406
무림(武林) 최소 개념 정리.md,무림(武林) 최소 개념 정리,개념,지침,,3,2,세가,99,정밀 부족,201,221,1,부족,정밀값,151,372
무림(武林) 최소 개념 정리.md,무림(武林) 최소 개념 정리,개념,지침,,4,2,방파,111,정밀 부족,189,209,1,부족,정밀값,172,424
무림(武林) 최소 개념 정리.md,무림(武林) 최소 개념 정리,개념,지침,,5,2,표국,102,정밀 부족,198,218,1,부족,정밀값,160,392
무림(武林) 최소 개념 정리.md,무림(武林) 최소 개념 정리,개념,지침,,6,2,상단,99,정밀 부족,201,221,1,부족,정밀값,164,405
무림(武林) 최소 개념 정리.md,무림(武林) 최소 개념 정리,개념,지침,,7,2,흑도·사파,118,정밀 부족,182,202,1,부족,정밀값,170,419
무림(武林) 최소 개념 정리.md,무림(武林) 최소 개념 정리,개념,지침,,8,2,무도등선과 무선,104,정밀 부족,196,216,1,부족,정밀값,155,377
물의 신성 왕국 쿠아리온.md,물의 신성 왕국 쿠아리온,국가,,에리디안,1,2,개요,307,경계,0,13,2,통과,보정 추정,473,1144
물의 신성 왕국 쿠아리온.md,물의 신성 왕국 쿠아리온,국가,,에리디안,2,2,지리·환경,274,고신뢰 부족,26,46,2,통과,보정 추정,414,1009
물의 신성 왕국 쿠아리온.md,물의 신성 왕국 쿠아리온,국가,,에리디안,3,2,역사(현재를 만든 사건들),280,추정 부족,20,40,2,통과,보정 추정,440,1085
물의 신성 왕국 쿠아리온.md,물의 신성 왕국 쿠아리온,국가,,에리디안,4,2,통치 구조·법·행정,289,추정 부족,11,31,2,통과,보정 추정,455,1122
물의 신성 왕국 쿠아리온.md,물의 신성 왕국 쿠아리온,국가,,에리디안,7,2,군사·치안·외교,269,고신뢰 부족,31,51,2,통과,보정 추정,421,1035
물의 신성 왕국 쿠아리온.md,물의 신성 왕국 쿠아리온,국가,,에리디안,8,2,경제·산업·물류,264,고신뢰 부족,36,56,2,통과,보정 추정,405,995
물의 신성 왕국 쿠아리온.md,물의 신성 왕국 쿠아리온,국가,,에리디안,9,2,사회·문화,228,고신뢰 부족,72,92,2,통과,보정 추정,374,930
물의 신성 왕국 쿠아리온.md,물의 신성 왕국 쿠아리온,국가,,에리디안,10,2,종교·신앙·초상,276,고신뢰 부족,24,44,2,통과,보정 추정,406,975
물의 신성 왕국 쿠아리온.md,물의 신성 왕국 쿠아리온,국가,,에리디안,11,2,주요 지역(수도/핵심 거점),213,고신뢰 부족,87,107,2,통과,보정 추정,326,792
물의 신성 왕국 쿠아리온.md,물의 신성 왕국 쿠아리온,국가,,에리디안,12,2,핵심 세력,234,고신뢰 부족,66,86,2,통과,보정 추정,369,906
물의 신성 왕국 쿠아리온.md,물의 신성 왕국 쿠아리온,국가,,에리디안,13,2,관계,0,고신뢰 부족,300,320,0,부족,보정 추정,0,0
물의 신성 왕국 쿠아리온.md,물의 신성 왕국 쿠아리온,국가,,에리디안,14,3,내부 권력 구도(세력 간 관계),137,고신뢰 부족,163,183,1,부족,보정 추정,217,533
물의 신성 왕국 쿠아리온.md,물의 신성 왕국 쿠아리온,국가,,에리디안,15,3,외교 관계(주변 국가/연맹/교단),121,고신뢰 부족,179,199,1,부족,보정 추정,191,473
물의 신성 왕국 쿠아리온.md,물의 신성 왕국 쿠아리온,국가,,에리디안,17,3,관계 변동 조건,132,고신뢰 부족,168,188,1,부족,보정 추정,204,503
물의 신성 왕국 쿠아리온.md,물의 신성 왕국 쿠아리온,국가,,에리디안,18,2,현재의 갈등,196,고신뢰 부족,104,124,1,부족,보정 추정,314,767
바람의 신성 왕국 에아누르.md,바람의 신성 왕국 에아누르,국가,,에리디안,1,2,개요,298,추정 부족,2,22,2,통과,보정 추정,461,1131
바람의 신성 왕국 에아누르.md,바람의 신성 왕국 에아누르,국가,,에리디안,2,2,지리·환경,263,고신뢰 부족,37,57,2,통과,보정 추정,402,988
바람의 신성 왕국 에아누르.md,바람의 신성 왕국 에아누르,국가,,에리디안,3,2,역사(현재를 만든 사건들),269,고신뢰 부족,31,51,2,통과,보정 추정,418,1025
바람의 신성 왕국 에아누르.md,바람의 신성 왕국 에아누르,국가,,에리디안,4,2,통치 구조·법·행정,282,추정 부족,18,38,2,통과,보정 추정,430,1049
바람의 신성 왕국 에아누르.md,바람의 신성 왕국 에아누르,국가,,에리디안,7,2,군사·치안·외교,280,추정 부족,20,40,2,통과,보정 추정,441,1078
바람의 신성 왕국 에아누르.md,바람의 신성 왕국 에아누르,국가,,에리디안,8,2,경제·산업·물류,224,고신뢰 부족,76,96,2,통과,보정 추정,342,829
바람의 신성 왕국 에아누르.md,바람의 신성 왕국 에아누르,국가,,에리디안,9,2,사회·문화,236,고신뢰 부족,64,84,2,통과,보정 추정,385,955
바람의 신성 왕국 에아누르.md,바람의 신성 왕국 에아누르,국가,,에리디안,10,2,종교·신앙·초상,270,고신뢰 부족,30,50,2,통과,보정 추정,418,1016
바람의 신성 왕국 에아누르.md,바람의 신성 왕국 에아누르,국가,,에리디안,11,2,주요 지역(수도/핵심 거점),216,고신뢰 부족,84,104,2,통과,보정 추정,328,805
바람의 신성 왕국 에아누르.md,바람의 신성 왕국 에아누르,국가,,에리디안,12,2,핵심 세력,212,고신뢰 부족,88,108,2,통과,보정 추정,325,785
바람의 신성 왕국 에아누르.md,바람의 신성 왕국 에아누르,국가,,에리디안,13,2,관계,0,고신뢰 부족,300,320,0,부족,보정 추정,0,0
바람의 신성 왕국 에아누르.md,바람의 신성 왕국 에아누르,국가,,에리디안,14,3,내부 권력 구도(세력 간 관계),127,고신뢰 부족,173,193,1,부족,보정 추정,200,492
바람의 신성 왕국 에아누르.md,바람의 신성 왕국 에아누르,국가,,에리디안,15,3,외교 관계(주변 국가/연맹/교단),134,고신뢰 부족,166,186,1,부족,보정 추정,212,520
바람의 신성 왕국 에아누르.md,바람의 신성 왕국 에아누르,국가,,에리디안,17,3,관계 변동 조건,128,고신뢰 부족,172,192,1,부족,보정 추정,208,510
바람의 신성 왕국 에아누르.md,바람의 신성 왕국 에아누르,국가,,에리디안,18,2,현재의 갈등,188,고신뢰 부족,112,132,1,부족,보정 추정,304,760
발가르 대륙.md,발가르 대륙,지형,대륙,,1,2,개요,266,정밀 부족,34,54,2,통과,정밀값,414,1000
발가르 대륙.md,발가르 대륙,지형,대륙,,2,2,지형·기후 골격,288,정밀 부족,12,32,2,통과,정밀값,412,993
발가르 대륙.md,발가르 대륙,지형,대륙,,3,2,생활권 지도,248,고신뢰 부족,52,72,1,부족,보정 추정,349,799
발가르 대륙.md,발가르 대륙,지형,대륙,,4,2,핵심 지형 요소,0,고신뢰 부족,300,320,0,부족,보정 추정,0,0
발가르 대륙.md,발가르 대륙,지형,대륙,,5,3,산맥·능선·봉우리,103,고신뢰 부족,197,217,0,부족,보정 추정,154,362
발가르 대륙.md,발가르 대륙,지형,대륙,,6,3,협곡·물길,125,고신뢰 부족,175,195,0,부족,보정 추정,175,397
발가르 대륙.md,발가르 대륙,지형,대륙,,7,3,호수·분지,54,고신뢰 부족,246,266,0,부족,보정 추정,69,157
발가르 대륙.md,발가르 대륙,지형,대륙,,8,3,숲·완충지,104,고신뢰 부족,196,216,0,부족,보정 추정,141,323
발가르 대륙.md,발가르 대륙,지형,대륙,,9,2,수계·물길,137,정밀 부족,163,183,1,부족,정밀값,182,446
발가르 대륙.md,발가르 대륙,지형,대륙,,11,2,권위권·경계,131,정밀 부족,169,189,1,부족,정밀값,200,480
발가르 대륙.md,발가르 대륙,지형,대륙,,12,2,이동·관문·완충지,121,정밀 부족,179,199,1,부족,정밀값,172,431
발가르 대륙.md,발가르 대륙,지형,대륙,,13,2,대륙 규모의 위협·변수,156,고신뢰 부족,144,164,0,부족,보정 추정,238,532
발라스쿠 연맹.md,발라스쿠 연맹,국가,연맹,진홍의 해협,1,2,개요,259,고신뢰 부족,41,61,2,통과,보정 추정,395,958
발라스쿠 연맹.md,발라스쿠 연맹,국가,연맹,진홍의 해협,2,2,지리·환경,229,고신뢰 부족,71,91,2,통과,보정 추정,352,858
발라스쿠 연맹.md,발라스쿠 연맹,국가,연맹,진홍의 해협,4,2,통치 구조·법·행정,228,고신뢰 부족,72,92,2,통과,보정 추정,349,837
발라스쿠 연맹.md,발라스쿠 연맹,국가,연맹,진홍의 해협,7,2,군사·치안·외교,280,추정 부족,20,40,3,통과,보정 추정,427,1037
발라스쿠 연맹.md,발라스쿠 연맹,국가,연맹,진홍의 해협,8,2,경제·산업·물류,210,고신뢰 부족,90,110,2,통과,보정 추정,311,725
발라스쿠 연맹.md,발라스쿠 연맹,국가,연맹,진홍의 해협,9,2,사회·문화,174,고신뢰 부족,126,146,2,통과,보정 추정,260,632
발라스쿠 연맹.md,발라스쿠 연맹,국가,연맹,진홍의 해협,10,2,종교·신앙·초상,202,고신뢰 부족,98,118,2,통과,보정 추정,296,724
발라스쿠 연맹.md,발라스쿠 연맹,국가,연맹,진홍의 해협,11,2,주요 지역(수도/핵심 거점),153,고신뢰 부족,147,167,2,통과,보정 추정,244,562
발라스쿠 연맹.md,발라스쿠 연맹,국가,연맹,진홍의 해협,12,2,핵심 세력,126,고신뢰 부족,174,194,0,부족,보정 추정,192,428
발라스쿠 연맹.md,발라스쿠 연맹,국가,연맹,진홍의 해협,13,2,관계,0,고신뢰 부족,300,320,0,부족,보정 추정,0,0
발라스쿠 연맹.md,발라스쿠 연맹,국가,연맹,진홍의 해협,14,3,내부 권력 구도(세력 간 관계),139,고신뢰 부족,161,181,1,부족,보정 추정,221,545
발라스쿠 연맹.md,발라스쿠 연맹,국가,연맹,진홍의 해협,15,3,외교 관계(주변 국가/연맹/교단),103,고신뢰 부족,197,217,1,부족,보정 추정,166,414
발라스쿠 연맹.md,발라스쿠 연맹,국가,연맹,진홍의 해협,16,3,정치·생존 갈등 관계,265,고신뢰 부족,35,55,2,통과,보정 추정,405,975
발라스쿠 연맹.md,발라스쿠 연맹,국가,연맹,진홍의 해협,17,3,관계 변동 조건,89,고신뢰 부족,211,231,0,부족,보정 추정,141,341
발라스쿠 연맹.md,발라스쿠 연맹,국가,연맹,진홍의 해협,18,2,현재의 갈등,160,고신뢰 부족,140,160,1,부족,보정 추정,248,608
발로르 왕국.md,발로르 왕국,,,,1,2,개요,290,정밀 부족,10,30,2,통과,정밀값,443,1077
발로르 왕국.md,발로르 왕국,,,,13,2,관계,0,고신뢰 부족,300,320,0,부족,보정 추정,0,0
발로르 왕국.md,발로르 왕국,,,,15,3,외교 관계(주변 국가/연맹/교단),281,정밀 부족,19,39,2,통과,정밀값,449,1092
발로르 왕국.md,발로르 왕국,,,,16,3,정치·생존 갈등 관계,248,고신뢰 부족,52,72,2,통과,보정 추정,378,910
발로르 왕국.md,발로르 왕국,,,,17,3,관계 변동 조건,183,정밀 부족,117,137,1,부족,정밀값,290,716
불의 신성 왕국 아그니르.md,불의 신성 왕국 아그니르,국가,,칼디라,1,2,개요,294,추정 부족,6,26,2,통과,보정 추정,439,1057
불의 신성 왕국 아그니르.md,불의 신성 왕국 아그니르,국가,,칼디라,2,2,지리·환경,250,고신뢰 부족,50,70,2,통과,보정 추정,381,935
불의 신성 왕국 아그니르.md,불의 신성 왕국 아그니르,국가,,칼디라,3,2,역사(현재를 만든 사건들),291,추정 부족,9,29,2,통과,보정 추정,455,1123
불의 신성 왕국 아그니르.md,불의 신성 왕국 아그니르,국가,,칼디라,4,2,통치 구조·법·행정,292,추정 부족,8,28,2,통과,보정 추정,441,1069
불의 신성 왕국 아그니르.md,불의 신성 왕국 아그니르,국가,,칼디라,7,2,군사·치안·외교,306,경계,0,14,2,통과,보정 추정,473,1153
불의 신성 왕국 아그니르.md,불의 신성 왕국 아그니르,국가,,칼디라,8,2,경제·산업·물류,234,고신뢰 부족,66,86,2,통과,보정 추정,349,850
불의 신성 왕국 아그니르.md,불의 신성 왕국 아그니르,국가,,칼디라,9,2,사회·문화,245,고신뢰 부족,55,75,2,통과,보정 추정,383,935
불의 신성 왕국 아그니르.md,불의 신성 왕국 아그니르,국가,,칼디라,10,2,종교·신앙·초상,282,추정 부족,18,38,2,통과,보정 추정,437,1067
불의 신성 왕국 아그니르.md,불의 신성 왕국 아그니르,국가,,칼디라,11,2,주요 지역(수도/핵심 거점),153,고신뢰 부족,147,167,1,부족,보정 추정,231,566
불의 신성 왕국 아그니르.md,불의 신성 왕국 아그니르,국가,,칼디라,12,2,핵심 세력,155,고신뢰 부족,145,165,1,부족,보정 추정,240,585
불의 신성 왕국 아그니르.md,불의 신성 왕국 아그니르,국가,,칼디라,13,2,관계,0,고신뢰 부족,300,320,0,부족,보정 추정,0,0
불의 신성 왕국 아그니르.md,불의 신성 왕국 아그니르,국가,,칼디라,14,3,내부 권력 구도(세력 간 관계),108,고신뢰 부족,192,212,1,부족,보정 추정,169,421
불의 신성 왕국 아그니르.md,불의 신성 왕국 아그니르,국가,,칼디라,15,3,외교 관계(주변 국가/연맹/교단),129,고신뢰 부족,171,191,1,부족,보정 추정,208,502
불의 신성 왕국 아그니르.md,불의 신성 왕국 아그니르,국가,,칼디라,16,3,정치·생존 갈등 관계,282,추정 부족,18,38,2,통과,보정 추정,423,1009
불의 신성 왕국 아그니르.md,불의 신성 왕국 아그니르,국가,,칼디라,17,3,관계 변동 조건,149,고신뢰 부족,151,171,1,부족,보정 추정,232,574
불의 신성 왕국 아그니르.md,불의 신성 왕국 아그니르,국가,,칼디라,18,2,현재의 갈등,207,고신뢰 부족,93,113,1,부족,보정 추정,324,794
붉은 맹약왕국 바르가쉬.md,붉은 맹약왕국 바르가쉬,,,,2,2,지리·환경,286,정밀 부족,14,34,2,통과,정밀값,419,1024
붉은 맹약왕국 바르가쉬.md,붉은 맹약왕국 바르가쉬,,,,12,3,내부 권력 구도(세력 간 관계),228,정밀 부족,72,92,2,통과,정밀값,354,870
붉은 맹약왕국 바르가쉬.md,붉은 맹약왕국 바르가쉬,,,,13,3,외교 관계(주변 국가/연맹/교단),229,정밀 부족,71,91,2,통과,정밀값,345,859
붉은 맹약왕국 바르가쉬.md,붉은 맹약왕국 바르가쉬,,,,14,3,관계 변동 조건,223,정밀 부족,77,97,2,통과,정밀값,364,898
붉은 맹약왕국 바르가쉬.md,붉은 맹약왕국 바르가쉬,,,,15,2,현재의 갈등,242,정밀 부족,58,78,2,통과,정밀값,368,916
붉은 맹약왕국 바르가쉬.md,붉은 맹약왕국 바르가쉬,,,,16,2,생존 정책,229,정밀 부족,71,91,2,통과,정밀값,359,892
블랙헤이븐 항구.md,블랙헤이븐 항구,도시국가,항구,카르코사,3,2,생존 기능과 정책,218,정밀 부족,82,102,2,통과,정밀값,346,848
블랙헤이븐 항구.md,블랙헤이븐 항구,도시국가,항구,카르코사,4,2,갈등 관계,277,정밀 부족,23,43,2,통과,정밀값,413,1021
빛의 귀인.md,빛의 귀인,개념,주요,,2,2,이름에 대해,140,정밀 부족,160,180,1,부족,정밀값,210,520
생명의 신성 왕국 실바니아.md,생명의 신성 왕국 실바니아,국가,,실란도르,2,2,지리·환경,308,경계,0,12,2,통과,보정 추정,473,1172
생명의 신성 왕국 실바니아.md,생명의 신성 왕국 실바니아,국가,,실란도르,4,2,통치 구조·법·행정,289,추정 부족,11,31,2,통과,보정 추정,452,1112
생명의 신성 왕국 실바니아.md,생명의 신성 왕국 실바니아,국가,,실란도르,7,2,군사·치안·외교,251,고신뢰 부족,49,69,2,통과,보정 추정,397,985
생명의 신성 왕국 실바니아.md,생명의 신성 왕국 실바니아,국가,,실란도르,8,2,경제·산업·물류,277,고신뢰 부족,23,43,2,통과,보정 추정,429,1050
생명의 신성 왕국 실바니아.md,생명의 신성 왕국 실바니아,국가,,실란도르,9,2,사회·문화,254,고신뢰 부족,46,66,2,통과,보정 추정,399,979
생명의 신성 왕국 실바니아.md,생명의 신성 왕국 실바니아,국가,,실란도르,10,2,종교·신앙·초상,274,고신뢰 부족,26,46,2,통과,보정 추정,435,1059
생명의 신성 왕국 실바니아.md,생명의 신성 왕국 실바니아,국가,,실란도르,11,2,주요 지역(수도/핵심 거점),283,추정 부족,17,37,3,통과,보정 추정,438,1080
생명의 신성 왕국 실바니아.md,생명의 신성 왕국 실바니아,국가,,실란도르,12,2,핵심 세력,298,추정 부족,2,22,4,통과,보정 추정,471,1154
생명의 신성 왕국 실바니아.md,생명의 신성 왕국 실바니아,국가,,실란도르,13,2,관계,0,고신뢰 부족,300,320,0,부족,보정 추정,0,0
생명의 신성 왕국 실바니아.md,생명의 신성 왕국 실바니아,국가,,실란도르,14,3,내부 권력 구도(세력 간 관계),237,고신뢰 부족,63,83,2,통과,보정 추정,361,886
생명의 신성 왕국 실바니아.md,생명의 신성 왕국 실바니아,국가,,실란도르,15,3,외교 관계(주변 국가/연맹/교단),172,고신뢰 부족,128,148,2,통과,보정 추정,269,664
생명의 신성 왕국 실바니아.md,생명의 신성 왕국 실바니아,국가,,실란도르,16,3,정치·생존 갈등 관계,291,추정 부족,9,29,2,통과,보정 추정,438,1050
생명의 신성 왕국 실바니아.md,생명의 신성 왕국 실바니아,국가,,실란도르,17,3,관계 변동 조건,186,고신뢰 부족,114,134,3,통과,보정 추정,304,738
생명의 신성 왕국 실바니아.md,생명의 신성 왕국 실바니아,국가,,실란도르,18,2,현재의 갈등,295,추정 부족,5,25,3,통과,보정 추정,463,1129
선림(仙林) 최소 개념 정리.md,선림(仙林) 최소 개념 정리,개념,지침,,1,2,개요,1,정밀 부족,299,319,1,부족,정밀값,2,6
선림(仙林) 최소 개념 정리.md,선림(仙林) 최소 개념 정리,개념,지침,,2,2,산문,106,정밀 부족,194,214,1,부족,정밀값,159,392
선림(仙林) 최소 개념 정리.md,선림(仙林) 최소 개념 정리,개념,지침,,3,2,선문,108,정밀 부족,192,212,1,부족,정밀값,169,413
선림(仙林) 최소 개념 정리.md,선림(仙林) 최소 개념 정리,개념,지침,,4,2,종문,131,정밀 부족,169,189,1,부족,정밀값,204,496
선림(仙林) 최소 개념 정리.md,선림(仙林) 최소 개념 정리,개념,지침,,5,2,도관,107,정밀 부족,193,213,1,부족,정밀값,171,422
선림(仙林) 최소 개념 정리.md,선림(仙林) 최소 개념 정리,개념,지침,,6,2,연단방,114,정밀 부족,186,206,1,부족,정밀값,175,432
선림(仙林) 최소 개념 정리.md,선림(仙林) 최소 개념 정리,개념,지침,,7,2,진법가,113,정밀 부족,187,207,1,부족,정밀값,170,420
선림(仙林) 최소 개념 정리.md,선림(仙林) 최소 개념 정리,개념,지침,,8,2,선도등선과 법선·진선,121,정밀 부족,179,199,1,부족,정밀값,176,432
셀레스티얼 실바.md,셀레스티얼 실바,국가,,실란도르,7,2,군사·치안·외교,310,경계,0,10,2,통과,보정 추정,476,1176
셀레스티얼 실바.md,셀레스티얼 실바,국가,,실란도르,8,2,경제·산업·물류,269,고신뢰 부족,31,51,2,통과,보정 추정,419,1023
셀레스티얼 실바.md,셀레스티얼 실바,국가,,실란도르,9,2,사회·문화,275,고신뢰 부족,25,45,2,통과,보정 추정,430,1055
셀레스티얼 실바.md,셀레스티얼 실바,국가,,실란도르,11,2,주요 지역(수도/핵심 거점),249,고신뢰 부족,51,71,2,통과,보정 추정,383,943
셀레스티얼 실바.md,셀레스티얼 실바,국가,,실란도르,12,2,핵심 세력,230,고신뢰 부족,70,90,2,통과,보정 추정,358,878
셀레스티얼 실바.md,셀레스티얼 실바,국가,,실란도르,13,2,관계,0,고신뢰 부족,300,320,0,부족,보정 추정,0,0
셀레스티얼 실바.md,셀레스티얼 실바,국가,,실란도르,14,3,내부 권력 구도(세력 간 관계),240,고신뢰 부족,60,80,2,통과,보정 추정,365,887
셀레스티얼 실바.md,셀레스티얼 실바,국가,,실란도르,15,3,외교 관계(주변 국가/연맹/교단),241,고신뢰 부족,59,79,2,통과,보정 추정,366,901
셀레스티얼 실바.md,셀레스티얼 실바,국가,,실란도르,16,3,정치·생존 갈등 관계,238,고신뢰 부족,62,82,2,통과,보정 추정,361,877
셀레스티얼 실바.md,셀레스티얼 실바,국가,,실란도르,17,3,관계 변동 조건,252,고신뢰 부족,48,68,2,통과,보정 추정,397,967
셀레스티얼 실바.md,셀레스티얼 실바,국가,,실란도르,18,2,현재의 갈등,213,고신뢰 부족,87,107,1,부족,보정 추정,347,857
솔리움 항구.md,솔리움 항구,도시국가,항구,에리디안,2,2,주권과 통치,289,정밀 부족,11,31,2,통과,정밀값,428,1057
솔리움 항구.md,솔리움 항구,도시국가,항구,에리디안,3,2,생존 기능과 정책,224,정밀 부족,76,96,2,통과,정밀값,354,861
솔리움 항구.md,솔리움 항구,도시국가,항구,에리디안,4,2,갈등 관계,196,정밀 부족,104,124,2,통과,정밀값,289,716
수인종.md,수인종,종족,,,3,2,신체와 능력,0,고신뢰 부족,300,320,0,부족,보정 추정,0,0
수인종.md,수인종,종족,,,7,2,문화와 사회,0,고신뢰 부족,300,320,0,부족,보정 추정,0,0
수인종.md,수인종,종족,,,8,3,수인종 대분류,86,정밀 부족,214,234,1,부족,정밀값,118,280
수인종.md,수인종,종족,,,9,3,맹수계 수인,137,정밀 부족,163,183,2,통과,정밀값,195,459
수인종.md,수인종,종족,,,10,3,초식계 수인,151,정밀 부족,149,169,2,통과,정밀값,220,516
수인종.md,수인종,종족,,,11,3,조익계 수인,136,정밀 부족,164,184,2,통과,정밀값,199,463
수인종.md,수인종,종족,,,12,3,파충계 수인,125,정밀 부족,175,195,2,통과,정밀값,176,410
수인종.md,수인종,종족,,,13,3,양서·수서계 수인,132,정밀 부족,168,188,2,통과,정밀값,179,413
수인종.md,수인종,종족,,,14,3,갑각·충계 수인,146,정밀 부족,154,174,2,통과,정밀값,212,487
수인종.md,수인종,종족,,,15,3,기타 희귀 혈족,123,정밀 부족,177,197,2,통과,정밀값,184,440
수인종.md,수인종,종족,,,16,3,[[아라코크라]]의 예외성,260,정밀 부족,40,60,3,통과,정밀값,401,1005
수인종.md,수인종,종족,,,17,3,라크샤라 사회에서의 수인종,220,정밀 부족,80,100,3,통과,정밀값,336,798
수인종.md,수인종,종족,,,18,3,사냥과 공방의 위상,242,정밀 부족,58,78,2,통과,정밀값,371,917
수인종.md,수인종,종족,,,20,2,대외 관계,0,고신뢰 부족,300,320,0,부족,보정 추정,0,0
쉐도우글래스 항구.md,쉐도우글래스 항구,도시국가,항구,녹턴,2,2,주권과 통치,279,정밀 부족,21,41,2,통과,정밀값,418,1034
쉐도우글래스 항구.md,쉐도우글래스 항구,도시국가,항구,녹턴,3,2,생존 기능과 정책,222,정밀 부족,78,98,2,통과,정밀값,352,858
쉐도우글래스 항구.md,쉐도우글래스 항구,도시국가,항구,녹턴,4,2,갈등 관계,202,정밀 부족,98,118,2,통과,정밀값,307,765
스케이븐.md,스케이븐,종족,,,2,2,징후와 관측 (지상에서 드러나는 방식),247,정밀 부족,53,73,2,통과,정밀값,393,967
스케이븐.md,스케이븐,종족,,,3,2,사회와 문명 (지하의 ‘왕국’),293,정밀 부족,7,27,2,통과,정밀값,466,1148
스케이븐.md,스케이븐,종족,,,4,2,종교와 목적: 파괴·증식·강림,289,정밀 부족,11,31,2,통과,정밀값,471,1167
스케이븐.md,스케이븐,종족,,,5,2,기원 (기록과 추정),262,정밀 부족,38,58,4,통과,정밀값,436,1060
시초의 제국.md,시초의 제국,개념,주요,,2,2,포탈,120,정밀 부족,180,200,1,부족,정밀값,218,528
신앙과 종교.md,신앙과 종교,개념,주요,,1,2,개요,295,정밀 부족,5,25,3,통과,정밀값,486,1164
신앙과 종교.md,신앙과 종교,개념,주요,,5,2,종교의 역할,297,정밀 부족,3,23,3,통과,정밀값,497,1225
신위.md,신위,개념,주요,범대륙,1,2,개요,284,정밀 부족,16,36,3,통과,정밀값,485,1179
신위.md,신위,개념,주요,범대륙,6,2,천룡 신앙,243,정밀 부족,57,77,2,통과,정밀값,379,915
신위.md,신위,개념,주요,범대륙,7,2,용어의 구분,216,고신뢰 부족,84,104,0,부족,보정 추정,362,800
실란도르 대륙.md,실란도르 대륙,지형,대륙,,1,2,개요,295,정밀 부족,5,25,2,통과,정밀값,420,1014
실란도르 대륙.md,실란도르 대륙,지형,대륙,,2,2,지형·기후 골격,230,정밀 부족,70,90,2,통과,정밀값,329,792
실란도르 대륙.md,실란도르 대륙,지형,대륙,,3,2,생활권 지도,260,고신뢰 부족,40,60,1,부족,보정 추정,384,873
실란도르 대륙.md,실란도르 대륙,지형,대륙,,4,2,핵심 지형 요소,0,고신뢰 부족,300,320,0,부족,보정 추정,0,0
실란도르 대륙.md,실란도르 대륙,지형,대륙,,5,3,정글·숲,67,고신뢰 부족,233,253,0,부족,보정 추정,96,226
실란도르 대륙.md,실란도르 대륙,지형,대륙,,6,3,강·수로,174,고신뢰 부족,126,146,0,부족,보정 추정,248,575
실란도르 대륙.md,실란도르 대륙,지형,대륙,,7,3,심연·늪지,179,고신뢰 부족,121,141,0,부족,보정 추정,266,618
실란도르 대륙.md,실란도르 대륙,지형,대륙,,8,2,수계·물길,138,정밀 부족,162,182,1,부족,정밀값,197,487
실란도르 대륙.md,실란도르 대륙,지형,대륙,,10,2,권위권·경계,119,정밀 부족,181,201,1,부족,정밀값,181,442
실란도르 대륙.md,실란도르 대륙,지형,대륙,,11,2,이동·관문·완충지,147,정밀 부족,153,173,1,부족,정밀값,224,538
실란도르 대륙.md,실란도르 대륙,지형,대륙,,12,2,대륙 규모의 위협·변수,134,고신뢰 부족,166,186,0,부족,보정 추정,201,466
심해의 다섯 왕국의 성물.md,심해의 다섯 왕국의 성물,아이템,주요,심연의 의회,1,2,개요,152,고신뢰 부족,148,168,2,통과,보정 추정,236,574
심해의 다섯 왕국의 성물.md,심해의 다섯 왕국의 성물,아이템,주요,심연의 의회,2,2,다섯 성물,0,고신뢰 부족,300,320,0,부족,보정 추정,0,0
심해의 다섯 왕국의 성물.md,심해의 다섯 왕국의 성물,아이템,주요,심연의 의회,3,3,붉은 별패각,144,고신뢰 부족,156,176,2,통과,보정 추정,218,536
심해의 다섯 왕국의 성물.md,심해의 다섯 왕국의 성물,아이템,주요,심연의 의회,4,3,검은 갑각패,136,고신뢰 부족,164,184,2,통과,보정 추정,208,510
심해의 다섯 왕국의 성물.md,심해의 다섯 왕국의 성물,아이템,주요,심연의 의회,5,3,흑진주 서판,127,고신뢰 부족,173,193,2,통과,보정 추정,208,512
심해의 다섯 왕국의 성물.md,심해의 다섯 왕국의 성물,아이템,주요,심연의 의회,6,3,유광 진주등,138,고신뢰 부족,162,182,2,통과,보정 추정,215,521
심해의 다섯 왕국의 성물.md,심해의 다섯 왕국의 성물,아이템,주요,심연의 의회,7,3,백패 왕관,147,고신뢰 부족,153,173,2,통과,보정 추정,227,559
심해의 다섯 왕국의 성물.md,심해의 다섯 왕국의 성물,아이템,주요,심연의 의회,8,2,다섯 성물 전설,157,고신뢰 부족,143,163,2,통과,보정 추정,232,556
심해의 다섯 왕국의 성물.md,심해의 다섯 왕국의 성물,아이템,주요,심연의 의회,9,2,의회 체제와 금기,149,고신뢰 부족,151,171,2,통과,보정 추정,241,587
심해의 의회.md,심해의 의회,단체,,,1,2,개요,229,정밀 부족,71,91,2,통과,정밀값,369,877
심해의 의회.md,심해의 의회,단체,,,2,2,기원과 설립,230,정밀 부족,70,90,2,통과,정밀값,376,912
심해의 의회.md,심해의 의회,단체,,,3,2,목적과 활동 방식,221,정밀 부족,79,99,2,통과,정밀값,351,855
심해의 의회.md,심해의 의회,단체,,,4,2,조직 구조,175,고신뢰 부족,125,145,2,통과,보정 추정,261,628
심해의 의회.md,심해의 의회,단체,,,7,2,규모와 거점,178,정밀 부족,122,142,2,통과,정밀값,287,691
심해의 의회.md,심해의 의회,단체,,,8,2,자원과 상징,195,정밀 부족,105,125,2,통과,정밀값,306,744
심해의 의회.md,심해의 의회,단체,,,9,2,대외 관계,188,고신뢰 부족,112,132,2,통과,보정 추정,301,731
심해의 의회.md,심해의 의회,단체,,,10,3,정치·생존 갈등 관계,321,경계,0,0,2,통과,보정 추정,488,1152
심해의 의회.md,심해의 의회,단체,,,11,2,내부 갈등과 약점,194,정밀 부족,106,126,2,통과,정밀값,292,698
심해의 의회.md,심해의 의회,단체,,,12,2,현재 동향,186,정밀 부족,114,134,2,통과,정밀값,283,691
심해의 의회.md,심해의 의회,단체,,,13,2,부가 항목,105,정밀 부족,195,215,1,부족,정밀값,165,405
쌍령왕국 사티야.md,쌍령왕국 사티야,국가,주요,심연의 의회,1,2,개요,133,고신뢰 부족,167,187,2,통과,보정 추정,211,519
쌍령왕국 사티야.md,쌍령왕국 사티야,국가,주요,심연의 의회,2,2,지리·환경,164,고신뢰 부족,136,156,3,통과,보정 추정,252,610
쌍령왕국 사티야.md,쌍령왕국 사티야,국가,주요,심연의 의회,3,2,역사(현재를 만든 사건들),183,고신뢰 부족,117,137,3,통과,보정 추정,290,712
쌍령왕국 사티야.md,쌍령왕국 사티야,국가,주요,심연의 의회,4,2,통치 구조·법·행정,145,고신뢰 부족,155,175,3,통과,보정 추정,228,567
쌍령왕국 사티야.md,쌍령왕국 사티야,국가,주요,심연의 의회,7,2,군사·치안·외교,167,고신뢰 부족,133,153,3,통과,보정 추정,256,622
쌍령왕국 사티야.md,쌍령왕국 사티야,국가,주요,심연의 의회,8,2,경제·산업·물류,144,고신뢰 부족,156,176,3,통과,보정 추정,212,500
쌍령왕국 사티야.md,쌍령왕국 사티야,국가,주요,심연의 의회,9,2,사회·문화,172,고신뢰 부족,128,148,3,통과,보정 추정,270,656
쌍령왕국 사티야.md,쌍령왕국 사티야,국가,주요,심연의 의회,10,2,종교·신앙·초상,168,고신뢰 부족,132,152,3,통과,보정 추정,255,608
쌍령왕국 사티야.md,쌍령왕국 사티야,국가,주요,심연의 의회,11,2,주요 지역(수도/핵심 거점),165,고신뢰 부족,135,155,3,통과,보정 추정,253,607
쌍령왕국 사티야.md,쌍령왕국 사티야,국가,주요,심연의 의회,12,2,핵심 세력,180,고신뢰 부족,120,140,4,통과,보정 추정,287,689
쌍령왕국 사티야.md,쌍령왕국 사티야,국가,주요,심연의 의회,13,2,관계,0,고신뢰 부족,300,320,0,부족,보정 추정,0,0
쌍령왕국 사티야.md,쌍령왕국 사티야,국가,주요,심연의 의회,14,3,내부 권력 구도(세력 간 관계),147,고신뢰 부족,153,173,3,통과,보정 추정,244,594
쌍령왕국 사티야.md,쌍령왕국 사티야,국가,주요,심연의 의회,15,3,외교 관계(주변 국가/연맹/교단),152,고신뢰 부족,148,168,3,통과,보정 추정,257,629
쌍령왕국 사티야.md,쌍령왕국 사티야,국가,주요,심연의 의회,16,3,정치·생존 갈등 관계,234,고신뢰 부족,66,86,2,통과,보정 추정,365,892
쌍령왕국 사티야.md,쌍령왕국 사티야,국가,주요,심연의 의회,17,3,관계 변동 조건,78,고신뢰 부족,222,242,2,통과,보정 추정,131,323
쌍령왕국 사티야.md,쌍령왕국 사티야,국가,주요,심연의 의회,18,2,현재의 갈등,166,고신뢰 부족,134,154,3,통과,보정 추정,272,668
아라코크라.md,아라코크라,종족,,,7,2,대외 관계,0,고신뢰 부족,300,320,0,부족,보정 추정,0,0
아라코크라.md,아라코크라,종족,,,8,3,라크샤라와의 관계,242,고신뢰 부족,58,78,3,통과,보정 추정,345,851
아라코크라.md,아라코크라,종족,,,9,3,[[용종]]과의 관계,191,고신뢰 부족,109,129,3,통과,보정 추정,296,730
아라코크라.md,아라코크라,종족,,,10,3,신앙과 세계관,289,추정 부족,11,31,3,통과,보정 추정,453,1109
아라코크라.md,아라코크라,종족,,,11,3,다른 종족과의 관계,138,고신뢰 부족,162,182,2,통과,보정 추정,203,495
아르젠타 항구.md,아르젠타 항구,도시국가,항구,에리디안,2,2,주권과 통치,286,정밀 부족,14,34,2,통과,정밀값,432,1064
아르젠타 항구.md,아르젠타 항구,도시국가,항구,에리디안,3,2,생존 기능과 정책,224,정밀 부족,76,96,2,통과,정밀값,346,850
아르젠타 항구.md,아르젠타 항구,도시국가,항구,에리디안,4,2,갈등 관계,207,정밀 부족,93,113,2,통과,정밀값,312,773
아르카 마법 연합.md,아르카 마법 연합,단체,,범대륙,1,2,개요,229,고신뢰 부족,71,91,2,통과,보정 추정,355,843
아르카 마법 연합.md,아르카 마법 연합,단체,,범대륙,2,2,기원과 설립,250,고신뢰 부족,50,70,2,통과,보정 추정,394,969
아르카 마법 연합.md,아르카 마법 연합,단체,,범대륙,3,2,목적과 활동 방식,238,고신뢰 부족,62,82,2,통과,보정 추정,376,910
아르카 마법 연합.md,아르카 마법 연합,단체,,범대륙,4,2,조직 구조,217,고신뢰 부족,83,103,2,통과,보정 추정,358,874
아르카 마법 연합.md,아르카 마법 연합,단체,,범대륙,5,2,규모와 거점,211,고신뢰 부족,89,109,2,통과,보정 추정,335,812
아르카 마법 연합.md,아르카 마법 연합,단체,,범대륙,6,2,자원과 상징,183,고신뢰 부족,117,137,2,통과,보정 추정,277,681
아르카 마법 연합.md,아르카 마법 연합,단체,,범대륙,7,2,대외 관계,228,고신뢰 부족,72,92,2,통과,보정 추정,352,868
아르카 마법 연합.md,아르카 마법 연합,단체,,범대륙,8,2,내부 갈등과 약점,191,고신뢰 부족,109,129,2,통과,보정 추정,295,725
아르카 마법 연합.md,아르카 마법 연합,단체,,범대륙,9,2,현재 동향,214,고신뢰 부족,86,106,2,통과,보정 추정,337,819
아르카 마법 연합.md,아르카 마법 연합,단체,,범대륙,10,2,부가 항목,121,고신뢰 부족,179,199,1,부족,보정 추정,194,476
아우렐리아 항구.md,아우렐리아 항구,도시국가,항구,에리디안,1,2,개요,307,경계,0,13,2,통과,보정 추정,491,1213
아우렐리아 항구.md,아우렐리아 항구,도시국가,항구,에리디안,2,3,지리·환경,287,추정 부족,13,33,2,통과,보정 추정,423,1042
아우렐리아 항구.md,아우렐리아 항구,도시국가,항구,에리디안,3,3,역사(현재를 만든 사건들),287,추정 부족,13,33,2,통과,보정 추정,439,1097
아우렐리아 항구.md,아우렐리아 항구,도시국가,항구,에리디안,4,2,주권과 통치,269,고신뢰 부족,31,51,2,통과,보정 추정,413,1005
아우렐리아 항구.md,아우렐리아 항구,도시국가,항구,에리디안,5,3,군사·치안·외교,270,고신뢰 부족,30,50,2,통과,보정 추정,394,964
아우렐리아 항구.md,아우렐리아 항구,도시국가,항구,에리디안,6,2,생존 기능과 정책,258,고신뢰 부족,42,62,2,통과,보정 추정,396,974
아우렐리아 항구.md,아우렐리아 항구,도시국가,항구,에리디안,7,3,사회·문화,236,고신뢰 부족,64,84,2,통과,보정 추정,380,944
아우렐리아 항구.md,아우렐리아 항구,도시국가,항구,에리디안,8,3,종교·신앙·초상,271,고신뢰 부족,29,49,2,통과,보정 추정,425,1047
아우렐리아 항구.md,아우렐리아 항구,도시국가,항구,에리디안,9,3,주요 지역(핵심 거점),137,고신뢰 부족,163,183,1,부족,보정 추정,204,502
아우렐리아 항구.md,아우렐리아 항구,도시국가,항구,에리디안,10,3,핵심 세력,147,고신뢰 부족,153,173,1,부족,보정 추정,222,545
아우렐리아 항구.md,아우렐리아 항구,도시국가,항구,에리디안,11,2,갈등 관계,0,고신뢰 부족,300,320,0,부족,보정 추정,0,0
아우렐리아 항구.md,아우렐리아 항구,도시국가,항구,에리디안,12,3,내부 권력 구도(세력 간 관계),108,고신뢰 부족,192,212,1,부족,보정 추정,160,397
아우렐리아 항구.md,아우렐리아 항구,도시국가,항구,에리디안,13,3,외교 관계(주변 국가/연맹/교단),140,고신뢰 부족,160,180,1,부족,보정 추정,214,528
아우렐리아 항구.md,아우렐리아 항구,도시국가,항구,에리디안,14,3,관계 변동 조건,120,고신뢰 부족,180,200,1,부족,보정 추정,197,491
아우렐리아 항구.md,아우렐리아 항구,도시국가,항구,에리디안,15,3,현재의 갈등,213,고신뢰 부족,87,107,1,부족,보정 추정,321,791
아우렐리아 항구.md,아우렐리아 항구,도시국가,항구,에리디안,16,3,법적 지위,277,고신뢰 부족,23,43,2,통과,보정 추정,424,1053
아우렐리아 항구.md,아우렐리아 항구,도시국가,항구,에리디안,17,3,비상 운용과 배분,223,고신뢰 부족,77,97,2,통과,보정 추정,352,865
아우렐리아 항구.md,아우렐리아 항구,도시국가,항구,에리디안,18,3,갈등의 구조,202,고신뢰 부족,98,118,2,통과,보정 추정,311,767
아이언앵커 항구.md,아이언앵커 항구,도시국가,항구,카르코사,3,2,생존 기능과 정책,216,정밀 부족,84,104,2,통과,정밀값,330,806
아이언앵커 항구.md,아이언앵커 항구,도시국가,항구,카르코사,4,2,갈등 관계,291,정밀 부족,9,29,2,통과,정밀값,445,1103
아이언포지 연맹.md,아이언포지 연맹,국가,연맹,발가르,1,2,개요,309,경계,0,11,2,통과,보정 추정,464,1109
아이언포지 연맹.md,아이언포지 연맹,국가,연맹,발가르,2,2,지리·환경,278,추정 부족,22,42,2,통과,보정 추정,424,1026
아이언포지 연맹.md,아이언포지 연맹,국가,연맹,발가르,4,2,통치 구조·법·행정,304,경계,0,16,2,통과,보정 추정,458,1102
아이언포지 연맹.md,아이언포지 연맹,국가,연맹,발가르,7,2,군사·치안·외교,305,경계,0,15,2,통과,보정 추정,473,1163
아이언포지 연맹.md,아이언포지 연맹,국가,연맹,발가르,8,2,경제·산업·물류,243,고신뢰 부족,57,77,2,통과,보정 추정,371,898
아이언포지 연맹.md,아이언포지 연맹,국가,연맹,발가르,9,2,사회·문화,237,고신뢰 부족,63,83,2,통과,보정 추정,374,920
아이언포지 연맹.md,아이언포지 연맹,국가,연맹,발가르,10,2,종교·신앙·초상,273,고신뢰 부족,27,47,2,통과,보정 추정,406,991
아이언포지 연맹.md,아이언포지 연맹,국가,연맹,발가르,11,2,주요 지역(수도/핵심 거점),191,고신뢰 부족,109,129,2,통과,보정 추정,295,715
아이언포지 연맹.md,아이언포지 연맹,국가,연맹,발가르,12,2,핵심 세력,232,고신뢰 부족,68,88,2,통과,보정 추정,354,859
아이언포지 연맹.md,아이언포지 연맹,국가,연맹,발가르,13,2,관계,0,고신뢰 부족,300,320,0,부족,보정 추정,0,0
아이언포지 연맹.md,아이언포지 연맹,국가,연맹,발가르,14,3,내부 권력 구도(세력 간 관계),134,고신뢰 부족,166,186,1,부족,보정 추정,199,489
아이언포지 연맹.md,아이언포지 연맹,국가,연맹,발가르,15,3,외교 관계(주변 국가/연맹/교단),255,고신뢰 부족,45,65,2,통과,보정 추정,404,1002
아이언포지 연맹.md,아이언포지 연맹,국가,연맹,발가르,16,3,정치·생존 갈등 관계,271,고신뢰 부족,29,49,2,통과,보정 추정,414,991
아이언포지 연맹.md,아이언포지 연맹,국가,연맹,발가르,17,3,관계 변동 조건,144,고신뢰 부족,156,176,1,부족,보정 추정,229,557
아이언포지 연맹.md,아이언포지 연맹,국가,연맹,발가르,18,2,현재의 갈등,198,고신뢰 부족,102,122,1,부족,보정 추정,311,761
아주르헤이븐 항구.md,아주르헤이븐 항구,도시국가,항구,실란도르,2,2,주권과 통치,288,정밀 부족,12,32,2,통과,정밀값,438,1081
아주르헤이븐 항구.md,아주르헤이븐 항구,도시국가,항구,실란도르,3,2,생존 기능과 정책,213,정밀 부족,87,107,2,통과,정밀값,330,810
아주르헤이븐 항구.md,아주르헤이븐 항구,도시국가,항구,실란도르,4,2,갈등 관계,198,정밀 부족,102,122,2,통과,정밀값,297,731
아카이럼 밀러.md,아카이럼 밀러,인물,주요,,1,2,개요,283,추정 부족,17,37,2,통과,보정 추정,457,1111
아크나톤 제국.md,아크나톤 제국,국가,,칼디라,2,2,지리·환경,260,고신뢰 부족,40,60,2,통과,보정 추정,401,987
아크나톤 제국.md,아크나톤 제국,국가,,칼디라,3,2,역사(현재를 만든 사건들),269,고신뢰 부족,31,51,2,통과,보정 추정,427,1059
아크나톤 제국.md,아크나톤 제국,국가,,칼디라,4,2,통치 구조·법·행정,231,고신뢰 부족,69,89,2,통과,보정 추정,375,925
아크나톤 제국.md,아크나톤 제국,국가,,칼디라,7,2,군사·치안·외교,245,고신뢰 부족,55,75,2,통과,보정 추정,394,972
아크나톤 제국.md,아크나톤 제국,국가,,칼디라,8,2,경제·산업·물류,244,고신뢰 부족,56,76,2,통과,보정 추정,382,934
아크나톤 제국.md,아크나톤 제국,국가,,칼디라,9,2,사회·문화,243,고신뢰 부족,57,77,2,통과,보정 추정,384,948
아크나톤 제국.md,아크나톤 제국,국가,,칼디라,10,2,종교·신앙·초상,223,고신뢰 부족,77,97,2,통과,보정 추정,339,835
아크나톤 제국.md,아크나톤 제국,국가,,칼디라,11,2,주요 지역(수도/핵심 거점),211,고신뢰 부족,89,109,2,통과,보정 추정,328,804
아크나톤 제국.md,아크나톤 제국,국가,,칼디라,12,2,핵심 세력,218,고신뢰 부족,82,102,2,통과,보정 추정,337,821
아크나톤 제국.md,아크나톤 제국,국가,,칼디라,13,2,관계,287,추정 부족,13,33,2,통과,보정 추정,455,1121
아크나톤 제국.md,아크나톤 제국,국가,,칼디라,14,3,정치·생존 갈등 관계,263,고신뢰 부족,37,57,2,통과,보정 추정,405,967
아크나톤 제국.md,아크나톤 제국,국가,,칼디라,15,2,현재의 갈등,250,고신뢰 부족,50,70,2,통과,보정 추정,421,1048
안개 농도.md,안개 농도,개념,일반,범대륙,1,2,개요,141,정밀 부족,159,179,2,통과,정밀값,241,587
안개 농도.md,안개 농도,개념,일반,범대륙,2,2,1단계: 옅은 안개,138,정밀 부족,162,182,2,통과,정밀값,210,510
안개 농도.md,안개 농도,개념,일반,범대륙,3,2,2단계: 짙은 안개,141,정밀 부족,159,179,2,통과,정밀값,215,523
안개 농도.md,안개 농도,개념,일반,범대륙,4,2,3단계: 검은 안개,126,정밀 부족,174,194,2,통과,정밀값,208,508
안개 농도.md,안개 농도,개념,일반,범대륙,5,2,4단계: 침묵의 안개,121,정밀 부족,179,199,2,통과,정밀값,209,511
안개 농도.md,안개 농도,개념,일반,범대륙,6,2,운용 메모,77,정밀 부족,223,243,1,부족,정밀값,121,293
안개 농도.md,안개 농도,개념,일반,범대륙,7,2,한 줄 요약,53,정밀 부족,247,267,1,부족,정밀값,83,205
앙그라의 못.md,앙그라의 못,개념,일반,범대륙,1,2,개요,177,고신뢰 부족,123,143,2,통과,보정 추정,277,675
앙그라의 못.md,앙그라의 못,개념,일반,범대륙,2,2,발생 위치,161,고신뢰 부족,139,159,2,통과,보정 추정,245,583
앙그라의 못.md,앙그라의 못,개념,일반,범대륙,3,2,기능,145,고신뢰 부족,155,175,2,통과,보정 추정,214,508
앙그라의 못.md,앙그라의 못,개념,일반,범대륙,4,2,파괴와 회수,157,고신뢰 부족,143,163,2,통과,보정 추정,239,581
앙그라의 못.md,앙그라의 못,개념,일반,범대륙,5,2,한 줄 요약,47,고신뢰 부족,253,273,1,부족,보정 추정,73,183
앙그라의 안개.md,앙그라의 안개,개념,주요,,2,2,룩스테라와 녹스테라의 경계,256,고신뢰 부족,44,64,3,통과,보정 추정,382,918
앙그라의 안개.md,앙그라의 안개,개념,주요,,4,2,안개의 성질,279,추정 부족,21,41,3,통과,보정 추정,452,1096
앙그라의 안개.md,앙그라의 안개,개념,주요,,5,2,안개 농도,157,고신뢰 부족,143,163,3,통과,보정 추정,258,616
앙그라의 안개.md,앙그라의 안개,개념,주요,,6,2,앙그라의 못,243,고신뢰 부족,57,77,4,통과,보정 추정,390,936
앙그라의 안개.md,앙그라의 안개,개념,주요,,7,2,토템 가디언,285,추정 부족,15,35,4,통과,보정 추정,445,1075
앙그라의 안개.md,앙그라의 안개,개념,주요,,10,2,위그드라실의 빛과 정제,248,고신뢰 부족,52,72,3,통과,보정 추정,383,939
앙그라의 안개.md,앙그라의 안개,개념,주요,,11,2,예외 지역과 변형,261,고신뢰 부족,39,59,3,통과,보정 추정,407,995
앙그라의 안개.md,앙그라의 안개,개념,주요,,12,2,한 줄 요약,71,고신뢰 부족,229,249,1,부족,보정 추정,102,256
앙그라의 잔향.md,앙그라의 잔향,개념,일반,범대륙,2,2,잔향 침식의 3단계,157,고신뢰 부족,143,163,1,부족,보정 추정,253,603
앙그라의 잔향.md,앙그라의 잔향,개념,일반,범대륙,3,3,1단계: 신체능력 강화(초기 증폭),262,정밀 부족,38,58,2,통과,정밀값,409,984
어둠의 신성 왕국 에레보스.md,어둠의 신성 왕국 에레보스,국가,,녹턴,2,2,지리·환경,271,고신뢰 부족,29,49,2,통과,보정 추정,430,1054
어둠의 신성 왕국 에레보스.md,어둠의 신성 왕국 에레보스,국가,,녹턴,4,2,통치 구조·법·행정,279,추정 부족,21,41,2,통과,보정 추정,443,1088
어둠의 신성 왕국 에레보스.md,어둠의 신성 왕국 에레보스,국가,,녹턴,7,2,군사·치안·외교,284,추정 부족,16,36,2,통과,보정 추정,426,1036
어둠의 신성 왕국 에레보스.md,어둠의 신성 왕국 에레보스,국가,,녹턴,8,2,경제·산업·물류,264,고신뢰 부족,36,56,2,통과,보정 추정,410,1001
어둠의 신성 왕국 에레보스.md,어둠의 신성 왕국 에레보스,국가,,녹턴,9,2,사회·문화,256,고신뢰 부족,44,64,2,통과,보정 추정,405,993
어둠의 신성 왕국 에레보스.md,어둠의 신성 왕국 에레보스,국가,,녹턴,10,2,종교·신앙·초상,262,고신뢰 부족,38,58,2,통과,보정 추정,409,983
어둠의 신성 왕국 에레보스.md,어둠의 신성 왕국 에레보스,국가,,녹턴,11,2,주요 지역(수도/핵심 거점),233,고신뢰 부족,67,87,2,통과,보정 추정,370,907
어둠의 신성 왕국 에레보스.md,어둠의 신성 왕국 에레보스,국가,,녹턴,12,2,핵심 세력,226,고신뢰 부족,74,94,2,통과,보정 추정,348,846
어둠의 신성 왕국 에레보스.md,어둠의 신성 왕국 에레보스,국가,,녹턴,13,2,관계,0,고신뢰 부족,300,320,0,부족,보정 추정,0,0
어둠의 신성 왕국 에레보스.md,어둠의 신성 왕국 에레보스,국가,,녹턴,14,3,내부 권력 구도(세력 간 관계),227,고신뢰 부족,73,93,2,통과,보정 추정,350,856
어둠의 신성 왕국 에레보스.md,어둠의 신성 왕국 에레보스,국가,,녹턴,15,3,외교 관계(주변 국가/연맹/교단),227,고신뢰 부족,73,93,2,통과,보정 추정,350,854
어둠의 신성 왕국 에레보스.md,어둠의 신성 왕국 에레보스,국가,,녹턴,16,3,정치·생존 갈등 관계,252,고신뢰 부족,48,68,2,통과,보정 추정,376,912
어둠의 신성 왕국 에레보스.md,어둠의 신성 왕국 에레보스,국가,,녹턴,17,3,관계 변동 조건,200,고신뢰 부족,100,120,2,통과,보정 추정,320,786
어둠의 신성 왕국 에레보스.md,어둠의 신성 왕국 에레보스,국가,,녹턴,18,2,현재의 갈등,212,고신뢰 부족,88,108,1,부족,보정 추정,330,816
에리디안 경비대.md,에리디안 경비대,단체,일반,에리디안,2,2,기원과 설립,227,고신뢰 부족,73,93,2,통과,보정 추정,346,846
에리디안 경비대.md,에리디안 경비대,단체,일반,에리디안,3,2,목적과 활동 방식,240,고신뢰 부족,60,80,2,통과,보정 추정,377,923
에리디안 경비대.md,에리디안 경비대,단체,일반,에리디안,4,2,조직 구조,218,고신뢰 부족,82,102,2,통과,보정 추정,343,833
에리디안 경비대.md,에리디안 경비대,단체,일반,에리디안,5,2,규모와 거점,221,고신뢰 부족,79,99,2,통과,보정 추정,330,797
에리디안 경비대.md,에리디안 경비대,단체,일반,에리디안,6,2,자원과 상징,194,고신뢰 부족,106,126,2,통과,보정 추정,294,722
에리디안 경비대.md,에리디안 경비대,단체,일반,에리디안,7,2,대외 관계,274,고신뢰 부족,26,46,2,통과,보정 추정,429,1047
에리디안 경비대.md,에리디안 경비대,단체,일반,에리디안,8,2,내부 갈등과 약점,178,고신뢰 부족,122,142,2,통과,보정 추정,283,687
에리디안 경비대.md,에리디안 경비대,단체,일반,에리디안,9,2,현재 동향,182,고신뢰 부족,118,138,2,통과,보정 추정,275,667
에리디안 경비대.md,에리디안 경비대,단체,일반,에리디안,10,2,부가 항목,101,고신뢰 부족,199,219,1,부족,보정 추정,158,384
에리디안 대륙.md,에리디안 대륙,지형,대륙,,2,2,지형·기후 골격,205,정밀 부족,95,115,2,통과,정밀값,298,733
에리디안 대륙.md,에리디안 대륙,지형,대륙,,3,2,생활권 지도,296,추정 부족,4,24,1,부족,보정 추정,413,944
에리디안 대륙.md,에리디안 대륙,지형,대륙,,4,2,핵심 지형 요소,0,고신뢰 부족,300,320,0,부족,보정 추정,0,0
에리디안 대륙.md,에리디안 대륙,지형,대륙,,5,3,산맥·설산,62,고신뢰 부족,238,258,0,부족,보정 추정,84,184
에리디안 대륙.md,에리디안 대륙,지형,대륙,,6,3,강·수계,55,고신뢰 부족,245,265,0,부족,보정 추정,76,164
에리디안 대륙.md,에리디안 대륙,지형,대륙,,7,3,호수·담수권,52,고신뢰 부족,248,268,0,부족,보정 추정,70,150
에리디안 대륙.md,에리디안 대륙,지형,대륙,,8,3,숲·완충지,33,고신뢰 부족,267,287,0,부족,보정 추정,40,88
에리디안 대륙.md,에리디안 대륙,지형,대륙,,9,3,던전성 영역,39,고신뢰 부족,261,281,0,부족,보정 추정,56,126
에리디안 대륙.md,에리디안 대륙,지형,대륙,,10,2,수계·물길,195,정밀 부족,105,125,2,통과,정밀값,273,658
에리디안 대륙.md,에리디안 대륙,지형,대륙,,12,2,권위권·경계,171,정밀 부족,129,149,2,통과,정밀값,250,611
에리디안 대륙.md,에리디안 대륙,지형,대륙,,13,2,이동·관문·완충지,216,고신뢰 부족,84,104,2,통과,보정 추정,310,729
에리디안 대륙.md,에리디안 대륙,지형,대륙,,14,2,대륙 규모의 위협·변수,112,고신뢰 부족,188,208,0,부족,보정 추정,175,396
에리디안 제국.md,에리디안 제국,국가,,에리디안,1,2,개요,289,추정 부족,11,31,2,통과,보정 추정,412,992
에리디안 제국.md,에리디안 제국,국가,,에리디안,2,2,지리·환경,305,경계,0,15,2,통과,보정 추정,452,1108
에리디안 제국.md,에리디안 제국,국가,,에리디안,4,2,통치 구조·법·행정,261,고신뢰 부족,39,59,2,통과,보정 추정,393,970
에리디안 제국.md,에리디안 제국,국가,,에리디안,8,2,경제·산업·물류,274,고신뢰 부족,26,46,2,통과,보정 추정,411,1001
에리디안 제국.md,에리디안 제국,국가,,에리디안,9,2,사회·문화,256,고신뢰 부족,44,64,2,통과,보정 추정,412,1022
에리디안 제국.md,에리디안 제국,국가,,에리디안,10,2,종교·신앙·초상,261,고신뢰 부족,39,59,2,통과,보정 추정,397,967
에리디안 제국.md,에리디안 제국,국가,,에리디안,11,2,주요 지역(수도/핵심 거점),232,고신뢰 부족,68,88,2,통과,보정 추정,360,884
에리디안 제국.md,에리디안 제국,국가,,에리디안,12,2,핵심 세력,264,고신뢰 부족,36,56,2,통과,보정 추정,407,1001
에리디안 제국.md,에리디안 제국,국가,,에리디안,13,2,관계,0,고신뢰 부족,300,320,0,부족,보정 추정,0,0
에리디안 제국.md,에리디안 제국,국가,,에리디안,14,3,내부 권력 구도(세력 간 관계),238,고신뢰 부족,62,82,2,통과,보정 추정,363,897
에리디안 제국.md,에리디안 제국,국가,,에리디안,15,3,외교 관계(주변 국가/연맹/교단),228,고신뢰 부족,72,92,2,통과,보정 추정,362,888
에리디안 제국.md,에리디안 제국,국가,,에리디안,17,3,관계 변동 조건,258,고신뢰 부족,42,62,2,통과,보정 추정,398,962
에리디안 제국.md,에리디안 제국,국가,,에리디안,18,2,현재의 갈등,178,고신뢰 부족,122,142,1,부족,보정 추정,269,660
에미르 라이트블룸 렘바이스.md,에미르 라이트블룸 렘바이스,인물,주요,,1,2,개요,164,고신뢰 부족,136,156,1,부족,보정 추정,256,634
에미르 라이트블룸 렘바이스.md,에미르 라이트블룸 렘바이스,인물,주요,,2,2,출신과 유랑의 기원,151,고신뢰 부족,149,169,1,부족,보정 추정,232,560
에미르 라이트블룸 렘바이스.md,에미르 라이트블룸 렘바이스,인물,주요,,3,2,신앙과 ‘겉의 빛’,223,고신뢰 부족,77,97,2,통과,보정 추정,342,842
에미르 라이트블룸 렘바이스.md,에미르 라이트블룸 렘바이스,인물,주요,,4,2,의술가로서의 명성,205,고신뢰 부족,95,115,1,부족,보정 추정,319,797
에미르 라이트블룸 렘바이스.md,에미르 라이트블룸 렘바이스,인물,주요,,5,2,성격과 집행,183,고신뢰 부족,117,137,1,부족,보정 추정,286,704
에테르나 공화국.md,에테르나 공화국,국가,,발가르,1,2,개요,281,추정 부족,19,39,2,통과,보정 추정,436,1050
에테르나 공화국.md,에테르나 공화국,국가,,발가르,2,2,지리·환경,274,고신뢰 부족,26,46,2,통과,보정 추정,412,1011
에테르나 공화국.md,에테르나 공화국,국가,,발가르,4,2,통치 구조·법·행정,271,고신뢰 부족,29,49,2,통과,보정 추정,419,1020
에테르나 공화국.md,에테르나 공화국,국가,,발가르,7,2,군사·치안·외교,292,추정 부족,8,28,2,통과,보정 추정,448,1102
에테르나 공화국.md,에테르나 공화국,국가,,발가르,8,2,경제·산업·물류,278,추정 부족,22,42,2,통과,보정 추정,427,1031
에테르나 공화국.md,에테르나 공화국,국가,,발가르,9,2,사회·문화,215,고신뢰 부족,85,105,2,통과,보정 추정,354,878
에테르나 공화국.md,에테르나 공화국,국가,,발가르,10,2,종교·신앙·초상,282,추정 부족,18,38,2,통과,보정 추정,442,1096
에테르나 공화국.md,에테르나 공화국,국가,,발가르,11,2,주요 지역(수도/핵심 거점),216,고신뢰 부족,84,104,2,통과,보정 추정,336,820
에테르나 공화국.md,에테르나 공화국,국가,,발가르,12,2,핵심 세력,211,고신뢰 부족,89,109,2,통과,보정 추정,328,790
에테르나 공화국.md,에테르나 공화국,국가,,발가르,13,2,관계,0,고신뢰 부족,300,320,0,부족,보정 추정,0,0
에테르나 공화국.md,에테르나 공화국,국가,,발가르,14,3,내부 권력 구도(세력 간 관계),122,고신뢰 부족,178,198,1,부족,보정 추정,196,486
에테르나 공화국.md,에테르나 공화국,국가,,발가르,15,3,외교 관계(주변 국가/연맹/교단),128,고신뢰 부족,172,192,1,부족,보정 추정,195,480
에테르나 공화국.md,에테르나 공화국,국가,,발가르,16,3,정치·생존 갈등 관계,305,경계,0,15,2,통과,보정 추정,469,1110
에테르나 공화국.md,에테르나 공화국,국가,,발가르,17,3,관계 변동 조건,172,고신뢰 부족,128,148,1,부족,보정 추정,262,636
에테르나 공화국.md,에테르나 공화국,국가,,발가르,18,2,현재의 갈등,189,고신뢰 부족,111,131,1,부족,보정 추정,309,762
엘드라시온 왕국.md,엘드라시온 왕국,국가,,네베아,9,2,사회·문화,318,경계,0,2,3,통과,보정 추정,509,1247
엘드라시온 왕국.md,엘드라시온 왕국,국가,,네베아,10,2,종교·신앙·초상,251,고신뢰 부족,49,69,2,통과,보정 추정,387,942
엘드라시온 왕국.md,엘드라시온 왕국,국가,,네베아,11,2,주요 지역(수도/핵심 거점),243,고신뢰 부족,57,77,2,통과,보정 추정,380,930
엘드라시온 왕국.md,엘드라시온 왕국,국가,,네베아,13,2,관계,0,고신뢰 부족,300,320,0,부족,보정 추정,0,0
엘드라시온 왕국.md,엘드라시온 왕국,국가,,네베아,14,3,내부 권력 구도(세력 간 관계),284,추정 부족,16,36,2,통과,보정 추정,447,1093
엘드라시온 왕국.md,엘드라시온 왕국,국가,,네베아,15,3,외교 관계(주변 국가/연맹/교단),196,고신뢰 부족,104,124,2,통과,보정 추정,306,750
엘드라시온 왕국.md,엘드라시온 왕국,국가,,네베아,16,3,정치·생존 갈등 관계,250,고신뢰 부족,50,70,2,통과,보정 추정,385,928
엘드라시온 왕국.md,엘드라시온 왕국,국가,,네베아,17,3,관계 변동 조건,231,고신뢰 부족,69,89,3,통과,보정 추정,355,855
엘드라시온 왕국.md,엘드라시온 왕국,국가,,네베아,18,2,현재의 갈등,309,경계,0,11,3,통과,보정 추정,479,1177
오렐리아 항구.md,오렐리아 항구,도시국가,항구,발가르,2,2,주권과 통치,268,정밀 부족,32,52,2,통과,정밀값,408,1012
오렐리아 항구.md,오렐리아 항구,도시국가,항구,발가르,3,2,생존 기능과 정책,209,정밀 부족,91,111,2,통과,정밀값,337,820
오렐리아 항구.md,오렐리아 항구,도시국가,항구,발가르,4,2,갈등 관계,196,정밀 부족,104,124,2,통과,정밀값,305,751
오르반 항구.md,오르반 항구,도시국가,항구,에리디안,2,2,주권과 통치,290,정밀 부족,10,30,2,통과,정밀값,440,1083
오르반 항구.md,오르반 항구,도시국가,항구,에리디안,3,2,생존 기능과 정책,219,정밀 부족,81,101,2,통과,정밀값,337,824
오르반 항구.md,오르반 항구,도시국가,항구,에리디안,4,2,갈등 관계,207,정밀 부족,93,113,2,통과,정밀값,320,790
오벨리스 항구.md,오벨리스 항구,도시국가,항구,칼디라,1,2,개요,188,고신뢰 부족,112,132,2,통과,보정 추정,269,645
오벨리스 항구.md,오벨리스 항구,도시국가,항구,칼디라,2,2,주권과 통치,217,고신뢰 부족,83,103,2,통과,보정 추정,324,792
오벨리스 항구.md,오벨리스 항구,도시국가,항구,칼디라,3,2,생존 기능과 정책,176,고신뢰 부족,124,144,2,통과,보정 추정,264,648
오벨리스 항구.md,오벨리스 항구,도시국가,항구,칼디라,4,2,갈등 관계,232,고신뢰 부족,68,88,0,부족,보정 추정,353,819
옵시디언아치 항구.md,옵시디언아치 항구,도시국가,항구,녹턴,2,2,주권과 통치,296,정밀 부족,4,24,2,통과,정밀값,448,1103
옵시디언아치 항구.md,옵시디언아치 항구,도시국가,항구,녹턴,3,2,생존 기능과 정책,234,정밀 부족,66,86,2,통과,정밀값,358,877
옵시디언아치 항구.md,옵시디언아치 항구,도시국가,항구,녹턴,4,2,갈등 관계,210,정밀 부족,90,110,2,통과,정밀값,315,776
용광왕국 하르카둠.md,용광왕국 하르카둠,,,,2,2,지리·환경,276,정밀 부족,24,44,2,통과,정밀값,424,1036
용광왕국 하르카둠.md,용광왕국 하르카둠,,,,12,3,내부 권력 구도(세력 간 관계),237,정밀 부족,63,83,2,통과,정밀값,383,945
용광왕국 하르카둠.md,용광왕국 하르카둠,,,,13,3,외교 관계(주변 국가/연맹/교단),290,정밀 부족,10,30,2,통과,정밀값,432,1073
용광왕국 하르카둠.md,용광왕국 하르카둠,,,,14,3,관계 변동 조건,264,정밀 부족,36,56,2,통과,정밀값,414,1032
용광왕국 하르카둠.md,용광왕국 하르카둠,,,,15,2,현재의 갈등,256,정밀 부족,44,64,2,통과,정밀값,421,1043
용광왕국 하르카둠.md,용광왕국 하르카둠,,,,16,2,생존 정책,221,정밀 부족,79,99,2,통과,정밀값,365,898
용성.md,용성,개념,,범대륙,3,2,천룡 신앙과 디바인,221,정밀 부족,79,99,2,통과,정밀값,347,845
용성.md,용성,개념,,범대륙,7,2,용성 타입,102,고신뢰 부족,198,218,1,부족,보정 추정,167,415
용성.md,용성,개념,,범대륙,8,3,화염성 용성,61,정밀 부족,239,259,1,부족,정밀값,92,214
용성.md,용성,개념,,범대륙,9,3,냉기성 용성,65,정밀 부족,235,255,1,부족,정밀값,94,220
용성.md,용성,개념,,범대륙,10,3,폭풍성 용성,74,정밀 부족,226,246,1,부족,정밀값,103,243
용성.md,용성,개념,,범대륙,11,3,대지성 용성,66,정밀 부족,234,254,1,부족,정밀값,94,216
용성.md,용성,개념,,범대륙,12,3,생명성 용성,66,정밀 부족,234,254,1,부족,정밀값,96,234
용성.md,용성,개념,,범대륙,13,3,독성 용성,60,정밀 부족,240,260,1,부족,정밀값,86,200
용성.md,용성,개념,,범대륙,14,3,수류성 용성,51,정밀 부족,249,269,1,부족,정밀값,66,152
용종.md,용종,개념,,범대륙,3,2,용종 분류 기준,109,고신뢰 부족,191,211,1,부족,보정 추정,171,411
용종.md,용종,개념,,범대륙,4,3,조룡종,94,정밀 부족,206,226,1,부족,정밀값,147,355
용종.md,용종,개념,,범대륙,5,3,비룡종,89,정밀 부족,211,231,1,부족,정밀값,131,317
용종.md,용종,개념,,범대륙,6,3,수룡종,85,정밀 부족,215,235,1,부족,정밀값,126,300
용종.md,용종,개념,,범대륙,7,3,해룡종,88,정밀 부족,212,232,1,부족,정밀값,126,297
용종.md,용종,개념,,범대륙,8,3,아룡종,77,정밀 부족,223,243,1,부족,정밀값,119,293
용종.md,용종,개념,,범대륙,9,3,어룡종,84,정밀 부족,216,236,1,부족,정밀값,125,308
용종.md,용종,개념,,범대륙,10,3,사룡종,68,정밀 부족,232,252,1,부족,정밀값,91,220
용종.md,용종,개념,,범대륙,11,3,익룡종,90,정밀 부족,210,230,1,부족,정밀값,124,308
용종.md,용종,개념,,범대륙,12,3,초식종,90,정밀 부족,210,230,1,부족,정밀값,128,314
용종.md,용종,개념,,범대륙,13,3,아수종,74,정밀 부족,226,246,1,부족,정밀값,107,255
용종.md,용종,개념,,범대륙,14,3,양서종,81,정밀 부족,219,239,1,부족,정밀값,111,267
용종.md,용종,개념,,범대륙,15,3,갑각종,93,정밀 부족,207,227,1,부족,정밀값,128,313
용종.md,용종,개념,,범대륙,16,3,갑충종,85,정밀 부족,215,235,1,부족,정밀값,122,294
용종.md,용종,개념,,범대륙,17,3,협각종,73,정밀 부족,227,247,1,부족,정밀값,111,263
용종.md,용종,개념,,범대륙,18,3,두족종,72,정밀 부족,228,248,1,부족,정밀값,109,259
용종.md,용종,개념,,범대륙,19,3,식생종,79,정밀 부족,221,241,1,부족,정밀값,104,260
용종.md,용종,개념,,범대륙,20,3,고룡종,230,정밀 부족,70,90,2,통과,정밀값,361,884
용종.md,용종,개념,,범대륙,21,2,원소충과 용성 식생,216,정밀 부족,84,104,2,통과,정밀값,324,795
위그드라실 연맹.md,위그드라실 연맹,,,,2,2,지리·환경,291,추정 부족,9,29,2,통과,보정 추정,431,1020
위그드라실 연맹.md,위그드라실 연맹,,,,4,2,통치 구조·법·행정,83,고신뢰 부족,217,237,1,부족,보정 추정,126,309
위그드라실 연맹.md,위그드라실 연맹,,,,9,2,경제·산업·물류,230,고신뢰 부족,70,90,2,통과,보정 추정,349,801
위그드라실 연맹.md,위그드라실 연맹,,,,10,2,사회·문화,182,정밀 부족,118,138,2,통과,정밀값,280,677
위그드라실 연맹.md,위그드라실 연맹,,,,11,2,종교·신앙·초상,191,정밀 부족,109,129,2,통과,정밀값,276,664
위그드라실 연맹.md,위그드라실 연맹,,,,12,2,주요 지역(수도/핵심 거점),122,고신뢰 부족,178,198,1,부족,보정 추정,179,425
위그드라실 연맹.md,위그드라실 연맹,,,,13,2,핵심 세력,191,고신뢰 부족,109,129,0,부족,보정 추정,280,639
위그드라실 연맹.md,위그드라실 연맹,,,,14,2,관계,0,고신뢰 부족,300,320,0,부족,보정 추정,0,0
위그드라실 연맹.md,위그드라실 연맹,,,,15,3,내부 권력 구도(세력 간 관계),115,정밀 부족,185,205,1,부족,정밀값,166,411
위그드라실 연맹.md,위그드라실 연맹,,,,16,3,외교 관계(주변 국가/연맹/교단),84,정밀 부족,216,236,1,부족,정밀값,128,308
위그드라실 연맹.md,위그드라실 연맹,,,,17,3,정치·생존 갈등 관계,280,추정 부족,20,40,2,통과,보정 추정,420,1004
위그드라실 연맹.md,위그드라실 연맹,,,,18,3,관계 변동 조건,99,고신뢰 부족,201,221,0,부족,보정 추정,156,376
위그드라실 연맹.md,위그드라실 연맹,,,,19,2,현재의 갈등,131,정밀 부족,169,189,1,부족,정밀값,207,510
위그드라실 의회.md,위그드라실 의회,단체,주요,범대륙,2,2,기원과 설립,254,정밀 부족,46,66,2,통과,정밀값,389,978
위그드라실 의회.md,위그드라실 의회,단체,주요,범대륙,3,2,목적과 활동 방식,260,정밀 부족,40,60,2,통과,정밀값,423,1037
위그드라실 의회.md,위그드라실 의회,단체,주요,범대륙,4,2,조직 구조,246,정밀 부족,54,74,2,통과,정밀값,395,982
위그드라실 의회.md,위그드라실 의회,단체,주요,범대륙,5,2,규모와 거점,235,정밀 부족,65,85,2,통과,정밀값,374,922
위그드라실 의회.md,위그드라실 의회,단체,주요,범대륙,6,2,자원과 상징,157,정밀 부족,143,163,1,부족,정밀값,239,599
위그드라실 의회.md,위그드라실 의회,단체,주요,범대륙,7,2,대외 관계,192,정밀 부족,108,128,2,통과,정밀값,316,772
위그드라실 의회.md,위그드라실 의회,단체,주요,범대륙,8,2,내부 갈등과 약점,209,정밀 부족,91,111,2,통과,정밀값,321,801
위그드라실 의회.md,위그드라실 의회,단체,주요,범대륙,9,2,현재 동향,263,정밀 부족,37,57,3,통과,정밀값,425,1010
위그드라실 의회.md,위그드라실 의회,단체,주요,범대륙,10,2,부가 항목,132,정밀 부족,168,188,1,부족,정밀값,218,532
유광성역 메두살리스.md,유광성역 메두살리스,국가,주요,심연의 의회,1,2,개요,135,고신뢰 부족,165,185,2,통과,보정 추정,212,518
유광성역 메두살리스.md,유광성역 메두살리스,국가,주요,심연의 의회,2,2,지리·환경,111,고신뢰 부족,189,209,2,통과,보정 추정,167,399
유광성역 메두살리스.md,유광성역 메두살리스,국가,주요,심연의 의회,3,2,역사(현재를 만든 사건들),179,고신뢰 부족,121,141,3,통과,보정 추정,282,692
유광성역 메두살리스.md,유광성역 메두살리스,국가,주요,심연의 의회,4,2,통치 구조·법·행정,158,고신뢰 부족,142,162,3,통과,보정 추정,232,558
유광성역 메두살리스.md,유광성역 메두살리스,국가,주요,심연의 의회,7,2,군사·치안·외교,160,고신뢰 부족,140,160,3,통과,보정 추정,249,607
유광성역 메두살리스.md,유광성역 메두살리스,국가,주요,심연의 의회,8,2,경제·산업·물류,142,고신뢰 부족,158,178,3,통과,보정 추정,220,530
유광성역 메두살리스.md,유광성역 메두살리스,국가,주요,심연의 의회,9,2,사회·문화,140,고신뢰 부족,160,180,3,통과,보정 추정,228,554
유광성역 메두살리스.md,유광성역 메두살리스,국가,주요,심연의 의회,11,2,주요 지역(수도/핵심 거점),148,고신뢰 부족,152,172,3,통과,보정 추정,230,554
유광성역 메두살리스.md,유광성역 메두살리스,국가,주요,심연의 의회,12,2,핵심 세력,127,고신뢰 부족,173,193,3,통과,보정 추정,203,485
유광성역 메두살리스.md,유광성역 메두살리스,국가,주요,심연의 의회,13,2,관계,0,고신뢰 부족,300,320,0,부족,보정 추정,0,0
유광성역 메두살리스.md,유광성역 메두살리스,국가,주요,심연의 의회,14,3,내부 권력 구도(세력 간 관계),107,고신뢰 부족,193,213,2,통과,보정 추정,163,397
유광성역 메두살리스.md,유광성역 메두살리스,국가,주요,심연의 의회,15,3,외교 관계(주변 국가/연맹/교단),91,고신뢰 부족,209,229,2,통과,보정 추정,143,357
유광성역 메두살리스.md,유광성역 메두살리스,국가,주요,심연의 의회,16,3,정치·생존 갈등 관계,276,고신뢰 부족,24,44,2,통과,보정 추정,457,1104
유광성역 메두살리스.md,유광성역 메두살리스,국가,주요,심연의 의회,17,3,관계 변동 조건,93,고신뢰 부족,207,227,2,통과,보정 추정,149,367
유광성역 메두살리스.md,유광성역 메두살리스,국가,주요,심연의 의회,18,2,현재의 갈등,133,고신뢰 부족,167,187,3,통과,보정 추정,213,515
이레귤러 헌터.md,이레귤러 헌터,단체,,,2,2,기원과 설립,254,정밀 부족,46,66,2,통과,정밀값,401,992
이레귤러 헌터.md,이레귤러 헌터,단체,,,3,2,목적과 활동 방식,280,정밀 부족,20,40,2,통과,정밀값,435,1074
이레귤러 헌터.md,이레귤러 헌터,단체,,,4,2,조직 구조,223,정밀 부족,77,97,2,통과,정밀값,356,878
이레귤러 헌터.md,이레귤러 헌터,단체,,,5,2,규모와 거점,203,정밀 부족,97,117,2,통과,정밀값,327,801
이레귤러 헌터.md,이레귤러 헌터,단체,,,6,2,자원과 상징,257,정밀 부족,43,63,2,통과,정밀값,384,942
이레귤러 헌터.md,이레귤러 헌터,단체,,,7,2,대외 관계,202,정밀 부족,98,118,2,통과,정밀값,336,838
이레귤러 헌터.md,이레귤러 헌터,단체,,,8,2,내부 갈등과 약점,231,정밀 부족,69,89,2,통과,정밀값,358,880
이레귤러 헌터.md,이레귤러 헌터,단체,,,9,2,현재 동향,241,정밀 부족,59,79,2,통과,정밀값,388,950
자유 탐사 도시 오리진.md,자유 탐사 도시 오리진,도시국가,,에리디안,2,2,지리·환경,270,고신뢰 부족,30,50,2,통과,보정 추정,415,1019
자유 탐사 도시 오리진.md,자유 탐사 도시 오리진,도시국가,,에리디안,3,2,역사(현재를 만든 사건들),281,추정 부족,19,39,2,통과,보정 추정,447,1112
자유 탐사 도시 오리진.md,자유 탐사 도시 오리진,도시국가,,에리디안,4,2,통치 구조·법·행정,266,고신뢰 부족,34,54,2,통과,보정 추정,415,999
자유 탐사 도시 오리진.md,자유 탐사 도시 오리진,도시국가,,에리디안,5,2,군사·치안·외교,230,고신뢰 부족,70,90,2,통과,보정 추정,368,906
자유 탐사 도시 오리진.md,자유 탐사 도시 오리진,도시국가,,에리디안,6,2,경제·산업·물류,273,고신뢰 부족,27,47,2,통과,보정 추정,426,1031
자유 탐사 도시 오리진.md,자유 탐사 도시 오리진,도시국가,,에리디안,7,2,사회·문화,239,고신뢰 부족,61,81,2,통과,보정 추정,396,977
자유 탐사 도시 오리진.md,자유 탐사 도시 오리진,도시국가,,에리디안,8,2,종교·신앙·초상,234,고신뢰 부족,66,86,2,통과,보정 추정,371,903
자유 탐사 도시 오리진.md,자유 탐사 도시 오리진,도시국가,,에리디안,9,2,주요 지역(수도/핵심 거점),267,고신뢰 부족,33,53,2,통과,보정 추정,410,991
자유 탐사 도시 오리진.md,자유 탐사 도시 오리진,도시국가,,에리디안,10,2,핵심 세력,191,고신뢰 부족,109,129,1,부족,보정 추정,299,705
자유 탐사 도시 오리진.md,자유 탐사 도시 오리진,도시국가,,에리디안,11,2,관계,0,고신뢰 부족,300,320,0,부족,보정 추정,0,0
자유 탐사 도시 오리진.md,자유 탐사 도시 오리진,도시국가,,에리디안,12,3,내부 권력 구도(세력 간 관계),166,고신뢰 부족,134,154,1,부족,보정 추정,256,628
자유 탐사 도시 오리진.md,자유 탐사 도시 오리진,도시국가,,에리디안,13,3,외교 관계(주변 국가/연맹/교단),133,고신뢰 부족,167,187,1,부족,보정 추정,203,499
자유 탐사 도시 오리진.md,자유 탐사 도시 오리진,도시국가,,에리디안,14,3,관계 변동 조건,131,고신뢰 부족,169,189,1,부족,보정 추정,202,498
자유 탐사 도시 오리진.md,자유 탐사 도시 오리진,도시국가,,에리디안,15,2,현재의 갈등,199,고신뢰 부족,101,121,1,부족,보정 추정,321,797
자유 탐사 도시 오리진.md,자유 탐사 도시 오리진,도시국가,,에리디안,16,2,주권과 통치,288,추정 부족,12,32,2,통과,보정 추정,426,1050
자유 탐사 도시 오리진.md,자유 탐사 도시 오리진,도시국가,,에리디안,17,2,생존 기능과 정책,232,고신뢰 부족,68,88,2,통과,보정 추정,365,894
자유 탐사 도시 오리진.md,자유 탐사 도시 오리진,도시국가,,에리디안,18,2,갈등 관계,206,고신뢰 부족,94,114,2,통과,보정 추정,306,755
자유 탐사 연맹 공고 유형.md,자유 탐사 연맹 공고 유형,주요 개념,지침,,3,2,제1부. 비앙그라권 공고,128,고신뢰 부족,172,192,1,부족,보정 추정,193,459
자유 탐사 연맹 공고 유형.md,자유 탐사 연맹 공고 유형,주요 개념,지침,,4,3,1. 민생·구조 공고,93,고신뢰 부족,207,227,1,부족,보정 추정,144,349
자유 탐사 연맹 공고 유형.md,자유 탐사 연맹 공고 유형,주요 개념,지침,,5,4,구조·구호 공고,185,정밀 부족,115,135,2,통과,정밀값,309,746
자유 탐사 연맹 공고 유형.md,자유 탐사 연맹 공고 유형,주요 개념,지침,,6,4,소문·괴담 검증 공고,203,정밀 부족,97,117,2,통과,정밀값,326,791
자유 탐사 연맹 공고 유형.md,자유 탐사 연맹 공고 유형,주요 개념,지침,,7,4,탐사대 구조 공고,160,정밀 부족,140,160,2,통과,정밀값,271,657
자유 탐사 연맹 공고 유형.md,자유 탐사 연맹 공고 유형,주요 개념,지침,,13,4,사냥꾼 공고 재분류 기준,213,정밀 부족,87,107,2,통과,정밀값,301,731
자유 탐사 연맹 공고 유형.md,자유 탐사 연맹 공고 유형,주요 개념,지침,,14,3,3. 던전 공고,246,고신뢰 부족,54,74,2,통과,보정 추정,382,940
자유 탐사 연맹 공고 유형.md,자유 탐사 연맹 공고 유형,주요 개념,지침,,15,4,던전 발생 대응 공고,188,정밀 부족,112,132,2,통과,정밀값,311,749
자유 탐사 연맹 공고 유형.md,자유 탐사 연맹 공고 유형,주요 개념,지침,,16,4,던전 완전 제압 공고,223,정밀 부족,77,97,2,통과,정밀값,334,822
자유 탐사 연맹 공고 유형.md,자유 탐사 연맹 공고 유형,주요 개념,지침,,17,4,통제 던전 감사 공고,202,정밀 부족,98,118,2,통과,정밀값,331,819
자유 탐사 연맹 공고 유형.md,자유 탐사 연맹 공고 유형,주요 개념,지침,,18,4,살아있는 던전 관측·차단 공고,250,정밀 부족,50,70,2,통과,정밀값,382,935
자유 탐사 연맹 공고 유형.md,자유 탐사 연맹 공고 유형,주요 개념,지침,,19,3,4. 잔향·침식 공고,118,고신뢰 부족,182,202,1,부족,보정 추정,184,457
자유 탐사 연맹 공고 유형.md,자유 탐사 연맹 공고 유형,주요 개념,지침,,20,4,잔향 농도 측정 공고,183,정밀 부족,117,137,2,통과,정밀값,282,680
자유 탐사 연맹 공고 유형.md,자유 탐사 연맹 공고 유형,주요 개념,지침,,21,4,잔향 침식자 관찰 공고,188,정밀 부족,112,132,2,통과,정밀값,288,694
자유 탐사 연맹 공고 유형.md,자유 탐사 연맹 공고 유형,주요 개념,지침,,22,4,검은 광기 조사 공고,191,정밀 부족,109,129,2,통과,정밀값,309,751
자유 탐사 연맹 공고 유형.md,자유 탐사 연맹 공고 유형,주요 개념,지침,,23,4,고도 침식 개체 관측 공고,221,정밀 부족,79,99,2,통과,정밀값,356,868
자유 탐사 연맹 공고 유형.md,자유 탐사 연맹 공고 유형,주요 개념,지침,,24,3,5. 잔향의 룬 공고,195,고신뢰 부족,105,125,2,통과,보정 추정,301,731
자유 탐사 연맹 공고 유형.md,자유 탐사 연맹 공고 유형,주요 개념,지침,,25,4,룬 기록·판독 공고,173,정밀 부족,127,147,2,통과,정밀값,279,676
자유 탐사 연맹 공고 유형.md,자유 탐사 연맹 공고 유형,주요 개념,지침,,26,4,룬 격리 공고,162,정밀 부족,138,158,2,통과,정밀값,262,640
자유 탐사 연맹 공고 유형.md,자유 탐사 연맹 공고 유형,주요 개념,지침,,27,4,룬 재현성 검증 공고,173,정밀 부족,127,147,2,통과,정밀값,284,692
자유 탐사 연맹 공고 유형.md,자유 탐사 연맹 공고 유형,주요 개념,지침,,28,4,개체형 룬 관찰 공고,151,정밀 부족,149,169,2,통과,정밀값,229,551
자유 탐사 연맹 공고 유형.md,자유 탐사 연맹 공고 유형,주요 개념,지침,,29,4,룬 악용 차단 공고,161,정밀 부족,139,159,2,통과,정밀값,253,613
자유 탐사 연맹 공고 유형.md,자유 탐사 연맹 공고 유형,주요 개념,지침,,30,3,6. 정제·자원 공고,110,고신뢰 부족,190,210,1,부족,보정 추정,161,388
자유 탐사 연맹 공고 유형.md,자유 탐사 연맹 공고 유형,주요 개념,지침,,31,4,흑마석 광맥 조사 공고,195,정밀 부족,105,125,2,통과,정밀값,303,743
자유 탐사 연맹 공고 유형.md,자유 탐사 연맹 공고 유형,주요 개념,지침,,32,4,정제 안정성 검증 공고,157,정밀 부족,143,163,2,통과,정밀값,260,646
자유 탐사 연맹 공고 유형.md,자유 탐사 연맹 공고 유형,주요 개념,지침,,33,4,정제사 현장 동행 공고,176,정밀 부족,124,144,2,통과,정밀값,285,691
자유 탐사 연맹 공고 유형.md,자유 탐사 연맹 공고 유형,주요 개념,지침,,34,4,위험 운송 공고,175,정밀 부족,125,145,2,통과,정밀값,289,687
자유 탐사 연맹 공고 유형.md,자유 탐사 연맹 공고 유형,주요 개념,지침,,35,3,7. 기록·검증 공고,87,고신뢰 부족,213,233,1,부족,보정 추정,138,335
자유 탐사 연맹 공고 유형.md,자유 탐사 연맹 공고 유형,주요 개념,지침,,36,4,기록 회수 공고,159,정밀 부족,141,161,2,통과,정밀값,260,630
자유 탐사 연맹 공고 유형.md,자유 탐사 연맹 공고 유형,주요 개념,지침,,37,4,지도·안전로 갱신 공고,157,정밀 부족,143,163,2,통과,정밀값,245,588
자유 탐사 연맹 공고 유형.md,자유 탐사 연맹 공고 유형,주요 개념,지침,,38,4,보고서 재검증 공고,154,정밀 부족,146,166,2,통과,정밀값,250,600
자유 탐사 연맹 공고 유형.md,자유 탐사 연맹 공고 유형,주요 개념,지침,,39,4,탐사 시험 공고,138,정밀 부족,162,182,2,통과,정밀값,245,593
자유 탐사 연맹 공고 유형.md,자유 탐사 연맹 공고 유형,주요 개념,지침,,40,3,8. 시설·방어·봉인 공고,71,고신뢰 부족,229,249,1,부족,보정 추정,106,256
자유 탐사 연맹 공고 유형.md,자유 탐사 연맹 공고 유형,주요 개념,지침,,41,4,관측 시설 방어 공고,162,정밀 부족,138,158,2,통과,정밀값,248,598
자유 탐사 연맹 공고 유형.md,자유 탐사 연맹 공고 유형,주요 개념,지침,,42,4,봉인·정화 보조 공고,172,정밀 부족,128,148,2,통과,정밀값,253,608
자유 탐사 연맹 공고 유형.md,자유 탐사 연맹 공고 유형,주요 개념,지침,,43,4,포탈·공간 왜곡 조사 공고,146,정밀 부족,154,174,2,통과,정밀값,230,555
자유 탐사 연맹 공고 유형.md,자유 탐사 연맹 공고 유형,주요 개념,지침,,44,4,금기 정제·금지 지식 차단 공고,187,정밀 부족,113,133,2,통과,정밀값,290,707
자유 탐사 연맹 공고 유형.md,자유 탐사 연맹 공고 유형,주요 개념,지침,,45,3,9. 분쟁·중립 공고,100,고신뢰 부족,200,220,1,부족,보정 추정,146,351
자유 탐사 연맹 공고 유형.md,자유 탐사 연맹 공고 유형,주요 개념,지침,,46,4,중립 회수 공고,162,정밀 부족,138,158,2,통과,정밀값,246,598
자유 탐사 연맹 공고 유형.md,자유 탐사 연맹 공고 유형,주요 개념,지침,,47,4,분쟁지 미지 관측 공고,158,정밀 부족,142,162,2,통과,정밀값,248,600
자유 탐사 연맹 공고 유형.md,자유 탐사 연맹 공고 유형,주요 개념,지침,,48,4,미지 사안 재분류 공고,190,정밀 부족,110,130,2,통과,정밀값,286,698
자유 탐사 연맹 공고 유형.md,자유 탐사 연맹 공고 유형,주요 개념,지침,,50,3,앙그라 경계 관측 공고,194,정밀 부족,106,126,2,통과,정밀값,313,761
자유 탐사 연맹 공고 유형.md,자유 탐사 연맹 공고 유형,주요 개념,지침,,51,3,앙그라의 못 탐색 공고,171,정밀 부족,129,149,2,통과,정밀값,281,679
자유 탐사 연맹 공고 유형.md,자유 탐사 연맹 공고 유형,주요 개념,지침,,52,3,토템 가디언 제압 공고,285,정밀 부족,15,35,2,통과,정밀값,426,1050
자유 탐사 연맹 공고 유형.md,자유 탐사 연맹 공고 유형,주요 개념,지침,,53,3,안개권 지도 작성 공고,170,정밀 부족,130,150,2,통과,정밀값,280,677
자유 탐사 연맹 공고 유형.md,자유 탐사 연맹 공고 유형,주요 개념,지침,,54,3,안개권 생태·변이 조사 공고,184,정밀 부족,116,136,2,통과,정밀값,299,730
자유 탐사 연맹 공고 유형.md,자유 탐사 연맹 공고 유형,주요 개념,지침,,56,3,안개권 거점 후보 조사 공고,165,정밀 부족,135,155,2,통과,정밀값,276,670
자유 탐사 연맹 공고 유형.md,자유 탐사 연맹 공고 유형,주요 개념,지침,,57,3,안개권 장기 원정 공고,183,정밀 부족,117,137,2,통과,정밀값,281,669
자유 탐사 연맹 공고 유형.md,자유 탐사 연맹 공고 유형,주요 개념,지침,,58,3,안개권 회수·귀환 공고,179,정밀 부족,121,141,2,통과,정밀값,278,673
자유 탐사 연맹 공고 유형.md,자유 탐사 연맹 공고 유형,주요 개념,지침,,60,3,흑암 교단 흔적 조사 공고,160,정밀 부족,140,160,2,통과,정밀값,260,630
자유 탐사 연맹 공고 유형.md,자유 탐사 연맹 공고 유형,주요 개념,지침,,61,3,침투자 식별 공고,178,정밀 부족,122,142,2,통과,정밀값,294,698
자유 탐사 연맹 공고 유형.md,자유 탐사 연맹 공고 유형,주요 개념,지침,,62,3,공포 확산 차단 공고,147,정밀 부족,153,173,2,통과,정밀값,246,602
자유 탐사 연맹 공고 유형.md,자유 탐사 연맹 공고 유형,주요 개념,지침,,63,3,금기 의식 저지 공고,172,정밀 부족,128,148,2,통과,정밀값,252,615
자유 탐사 연맹 공고 유형.md,자유 탐사 연맹 공고 유형,주요 개념,지침,,64,3,오염 성소 정화 공고,165,정밀 부족,135,155,2,통과,정밀값,256,623
자유 탐사 연맹 공고 유형.md,자유 탐사 연맹 공고 유형,주요 개념,지침,,65,3,오염 기록 회수 공고,149,정밀 부족,151,171,2,통과,정밀값,235,577
자유 탐사 연맹 공고 유형.md,자유 탐사 연맹 공고 유형,주요 개념,지침,,66,3,포섭 피해자 구출 공고,158,정밀 부족,142,162,2,통과,정밀값,235,577
자유 탐사 연맹 공고 유형.md,자유 탐사 연맹 공고 유형,주요 개념,지침,,67,3,공동체 회복 지원 공고,140,정밀 부족,160,180,2,통과,정밀값,236,576
자유 탐사 연맹 공고 유형.md,자유 탐사 연맹 공고 유형,주요 개념,지침,,68,3,의회 공작망 추적 공고,135,정밀 부족,165,185,2,통과,정밀값,231,559
자유 탐사 연맹 공고 유형.md,자유 탐사 연맹 공고 유형,주요 개념,지침,,69,3,의회 내분 관측 공고,157,정밀 부족,143,163,2,통과,정밀값,254,616
자유 탐사 연맹 공고 유형.md,자유 탐사 연맹 공고 유형,주요 개념,지침,,70,3,간부 룬 조성 차단 공고,161,정밀 부족,139,159,2,통과,정밀값,277,671
자유 탐사 연맹 공고 유형.md,자유 탐사 연맹 공고 유형,주요 개념,지침,,71,3,준던전화 구역 봉쇄 공고,222,정밀 부족,78,98,2,통과,정밀값,340,834
자유 탐사 연맹 공고 유형.md,자유 탐사 연맹 공고 유형,주요 개념,지침,,72,3,룬 생성자 추적 공고,163,정밀 부족,137,157,2,통과,정밀값,276,662
자유 탐사 연맹.md,자유 탐사 연맹,단체,주요,범대륙,1,2,개요,288,정밀 부족,12,32,2,통과,정밀값,465,1129
자유 탐사 연맹.md,자유 탐사 연맹,단체,주요,범대륙,2,2,기원과 설립,235,정밀 부족,65,85,2,통과,정밀값,367,909
자유 탐사 연맹.md,자유 탐사 연맹,단체,주요,범대륙,3,2,목적과 활동 방식,223,정밀 부족,77,97,2,통과,정밀값,370,900
자유 탐사 연맹.md,자유 탐사 연맹,단체,주요,범대륙,4,2,조직 구조,221,정밀 부족,79,99,2,통과,정밀값,352,866
자유 탐사 연맹.md,자유 탐사 연맹,단체,주요,범대륙,6,2,자원과 상징,201,정밀 부족,99,119,2,통과,정밀값,293,711
자유 탐사 연맹.md,자유 탐사 연맹,단체,주요,범대륙,9,2,대외 관계,209,정밀 부족,91,111,2,통과,정밀값,323,789
자유 탐사 연맹.md,자유 탐사 연맹,단체,주요,범대륙,10,2,내부 갈등과 약점,193,정밀 부족,107,127,2,통과,정밀값,310,764
자유 탐사 연맹.md,자유 탐사 연맹,단체,주요,범대륙,11,2,현재 동향,224,정밀 부족,76,96,2,통과,정밀값,340,830
자유 탐사 연맹.md,자유 탐사 연맹,단체,주요,범대륙,12,2,부가 항목,0,고신뢰 부족,300,320,0,부족,보정 추정,0,0
자유 탐사 연맹.md,자유 탐사 연맹,단체,주요,범대륙,14,2,관계,0,고신뢰 부족,300,320,0,부족,보정 추정,0,0
자유 탐사 연맹.md,자유 탐사 연맹,단체,주요,범대륙,15,3,정치·생존 갈등 관계,259,고신뢰 부족,41,61,2,통과,보정 추정,395,955
재생왕국 아스테라케.md,재생왕국 아스테라케,국가,주요,심연의 의회,1,2,개요,140,고신뢰 부족,160,180,2,통과,보정 추정,213,519
재생왕국 아스테라케.md,재생왕국 아스테라케,국가,주요,심연의 의회,2,2,지리·환경,131,고신뢰 부족,169,189,2,통과,보정 추정,203,499
재생왕국 아스테라케.md,재생왕국 아스테라케,국가,주요,심연의 의회,3,2,역사(현재를 만든 사건들),203,고신뢰 부족,97,117,3,통과,보정 추정,332,820
재생왕국 아스테라케.md,재생왕국 아스테라케,국가,주요,심연의 의회,4,2,통치 구조·법·행정,186,고신뢰 부족,114,134,3,통과,보정 추정,295,725
재생왕국 아스테라케.md,재생왕국 아스테라케,국가,주요,심연의 의회,7,2,군사·치안·외교,166,고신뢰 부족,134,154,3,통과,보정 추정,272,664
재생왕국 아스테라케.md,재생왕국 아스테라케,국가,주요,심연의 의회,8,2,경제·산업·물류,149,고신뢰 부족,151,171,3,통과,보정 추정,234,570
재생왕국 아스테라케.md,재생왕국 아스테라케,국가,주요,심연의 의회,9,2,사회·문화,162,고신뢰 부족,138,158,3,통과,보정 추정,259,637
재생왕국 아스테라케.md,재생왕국 아스테라케,국가,주요,심연의 의회,10,2,종교·신앙·초상,311,경계,0,9,4,통과,보정 추정,470,1140
재생왕국 아스테라케.md,재생왕국 아스테라케,국가,주요,심연의 의회,11,2,주요 지역(수도/핵심 거점),161,고신뢰 부족,139,159,3,통과,보정 추정,252,608
재생왕국 아스테라케.md,재생왕국 아스테라케,국가,주요,심연의 의회,12,2,핵심 세력,147,고신뢰 부족,153,173,3,통과,보정 추정,232,562
재생왕국 아스테라케.md,재생왕국 아스테라케,국가,주요,심연의 의회,13,2,관계,0,고신뢰 부족,300,320,0,부족,보정 추정,0,0
재생왕국 아스테라케.md,재생왕국 아스테라케,국가,주요,심연의 의회,14,3,내부 권력 구도(세력 간 관계),112,고신뢰 부족,188,208,2,통과,보정 추정,176,428
재생왕국 아스테라케.md,재생왕국 아스테라케,국가,주요,심연의 의회,15,3,외교 관계(주변 국가/연맹/교단),122,고신뢰 부족,178,198,2,통과,보정 추정,197,493
재생왕국 아스테라케.md,재생왕국 아스테라케,국가,주요,심연의 의회,16,3,정치·생존 갈등 관계,283,추정 부족,17,37,2,통과,보정 추정,460,1109
재생왕국 아스테라케.md,재생왕국 아스테라케,국가,주요,심연의 의회,17,3,관계 변동 조건,91,고신뢰 부족,209,229,2,통과,보정 추정,145,357
재생왕국 아스테라케.md,재생왕국 아스테라케,국가,주요,심연의 의회,18,2,현재의 갈등,171,고신뢰 부족,129,149,3,통과,보정 추정,264,648
정령.md,정령,종족,일반,,3,2,신령으로의 상승,314,경계,0,6,3,통과,보정 추정,518,1263
정령.md,정령,종족,일반,,4,2,드러남과 관측,308,경계,0,12,3,통과,보정 추정,508,1248
정령.md,정령,종족,일반,,5,2,가호와 영향,302,경계,0,18,3,통과,보정 추정,480,1170
진주해국 마르가리온.md,진주해국 마르가리온,국가,주요,심연의 의회,1,2,개요,138,고신뢰 부족,162,182,2,통과,보정 추정,204,487
진주해국 마르가리온.md,진주해국 마르가리온,국가,주요,심연의 의회,2,2,지리·환경,105,고신뢰 부족,195,215,2,통과,보정 추정,149,357
진주해국 마르가리온.md,진주해국 마르가리온,국가,주요,심연의 의회,3,2,역사(현재를 만든 사건들),163,고신뢰 부족,137,157,3,통과,보정 추정,248,600
진주해국 마르가리온.md,진주해국 마르가리온,국가,주요,심연의 의회,4,2,통치 구조·법·행정,220,고신뢰 부족,80,100,3,통과,보정 추정,341,822
진주해국 마르가리온.md,진주해국 마르가리온,국가,주요,심연의 의회,7,2,군사·치안·외교,141,고신뢰 부족,159,179,3,통과,보정 추정,216,524
진주해국 마르가리온.md,진주해국 마르가리온,국가,주요,심연의 의회,8,2,경제·산업·물류,160,고신뢰 부족,140,160,3,통과,보정 추정,235,563
진주해국 마르가리온.md,진주해국 마르가리온,국가,주요,심연의 의회,9,2,사회·문화,150,고신뢰 부족,150,170,3,통과,보정 추정,238,572
진주해국 마르가리온.md,진주해국 마르가리온,국가,주요,심연의 의회,11,2,주요 지역(수도/핵심 거점),148,고신뢰 부족,152,172,3,통과,보정 추정,231,557
진주해국 마르가리온.md,진주해국 마르가리온,국가,주요,심연의 의회,12,2,핵심 세력,135,고신뢰 부족,165,185,3,통과,보정 추정,215,513
진주해국 마르가리온.md,진주해국 마르가리온,국가,주요,심연의 의회,13,2,관계,0,고신뢰 부족,300,320,0,부족,보정 추정,0,0
진주해국 마르가리온.md,진주해국 마르가리온,국가,주요,심연의 의회,14,3,내부 권력 구도(세력 간 관계),99,고신뢰 부족,201,221,2,통과,보정 추정,157,381
진주해국 마르가리온.md,진주해국 마르가리온,국가,주요,심연의 의회,15,3,외교 관계(주변 국가/연맹/교단),136,고신뢰 부족,164,184,3,통과,보정 추정,212,524
진주해국 마르가리온.md,진주해국 마르가리온,국가,주요,심연의 의회,16,3,정치·생존 갈등 관계,303,경계,0,17,2,통과,보정 추정,495,1189
진주해국 마르가리온.md,진주해국 마르가리온,국가,주요,심연의 의회,17,3,관계 변동 조건,73,고신뢰 부족,227,247,2,통과,보정 추정,114,278
진주해국 마르가리온.md,진주해국 마르가리온,국가,주요,심연의 의회,18,2,현재의 갈등,140,고신뢰 부족,160,180,3,통과,보정 추정,229,559
천공마황국 에테르나크.md,천공마황국 에테르나크,국가,대륙,,13,2,관계,0,고신뢰 부족,300,320,0,부족,보정 추정,0,0
천공마황국 에테르나크.md,천공마황국 에테르나크,국가,대륙,,14,3,내부 권력 구도,287,추정 부족,13,33,2,통과,보정 추정,464,1148
천공마황국 에테르나크.md,천공마황국 에테르나크,국가,대륙,,15,3,외교 관계,306,경계,0,14,2,통과,보정 추정,509,1265
천공마황국 에테르나크.md,천공마황국 에테르나크,국가,대륙,,16,3,관계에서 발생하는 촉발점,161,고신뢰 부족,139,159,1,부족,보정 추정,263,649
천공마황국 에테르나크.md,천공마황국 에테르나크,국가,대륙,,18,3,정치·생존 갈등 관계,299,추정 부족,1,21,2,통과,보정 추정,471,1126
청연 대륙.md,청연 대륙,지형,대륙,,2,2,지형·기후 골격,249,정밀 부족,51,71,2,통과,정밀값,366,904
청연 대륙.md,청연 대륙,지형,대륙,,3,2,생활권 지도,307,경계,0,13,1,부족,보정 추정,463,1066
청연 대륙.md,청연 대륙,지형,대륙,,4,2,핵심 지형 요소,0,고신뢰 부족,300,320,0,부족,보정 추정,0,0
청연 대륙.md,청연 대륙,지형,대륙,,6,3,숲·완충지,231,고신뢰 부족,69,89,0,부족,보정 추정,337,792
청연 대륙.md,청연 대륙,지형,대륙,,7,3,내해·내수권,59,고신뢰 부족,241,261,0,부족,보정 추정,91,213
청연 대륙.md,청연 대륙,지형,대륙,,8,3,해협·연안,59,고신뢰 부족,241,261,0,부족,보정 추정,79,179
청연 대륙.md,청연 대륙,지형,대륙,,9,2,수계·물길,317,경계,0,3,1,부족,보정 추정,481,1128
청연 대륙.md,청연 대륙,지형,대륙,,11,2,권위권·경계,278,추정 부족,22,42,2,통과,보정 추정,434,1009
청연 대륙.md,청연 대륙,지형,대륙,,12,3,청연 무림 문파 목록,49,고신뢰 부족,251,271,0,부족,보정 추정,113,227
청연 대륙.md,청연 대륙,지형,대륙,,13,2,이동·관문·완충지,178,고신뢰 부족,122,142,1,부족,보정 추정,269,648
청연 대륙.md,청연 대륙,지형,대륙,,14,2,대륙 규모의 위협·변수,187,고신뢰 부족,113,133,0,부족,보정 추정,286,681
카르바넬 왕국.md,카르바넬 왕국,국가,,칼디라,1,2,개요,277,고신뢰 부족,23,43,2,통과,보정 추정,435,1059
카르바넬 왕국.md,카르바넬 왕국,국가,,칼디라,2,2,지리·환경,240,고신뢰 부족,60,80,2,통과,보정 추정,369,903
카르바넬 왕국.md,카르바넬 왕국,국가,,칼디라,3,2,역사(현재를 만든 사건들),239,고신뢰 부족,61,81,2,통과,보정 추정,373,923
카르바넬 왕국.md,카르바넬 왕국,국가,,칼디라,4,2,통치 구조·법·행정,186,고신뢰 부족,114,134,2,통과,보정 추정,291,721
카르바넬 왕국.md,카르바넬 왕국,국가,,칼디라,7,2,군사·치안·외교,205,고신뢰 부족,95,115,2,통과,보정 추정,333,819
카르바넬 왕국.md,카르바넬 왕국,국가,,칼디라,8,2,경제·산업·물류,208,고신뢰 부족,92,112,2,통과,보정 추정,331,817
카르바넬 왕국.md,카르바넬 왕국,국가,,칼디라,9,2,사회·문화,251,고신뢰 부족,49,69,2,통과,보정 추정,403,978
카르바넬 왕국.md,카르바넬 왕국,국가,,칼디라,10,2,종교·신앙·초상,219,고신뢰 부족,81,101,2,통과,보정 추정,351,863
카르바넬 왕국.md,카르바넬 왕국,국가,,칼디라,11,2,주요 지역(수도/핵심 거점),195,고신뢰 부족,105,125,2,통과,보정 추정,317,783
카르바넬 왕국.md,카르바넬 왕국,국가,,칼디라,12,2,핵심 세력,195,고신뢰 부족,105,125,2,통과,보정 추정,316,786
카르바넬 왕국.md,카르바넬 왕국,국가,,칼디라,14,3,정치·생존 갈등 관계,263,고신뢰 부족,37,57,2,통과,보정 추정,402,961
카르바넬 왕국.md,카르바넬 왕국,국가,,칼디라,15,2,현재의 갈등,219,고신뢰 부족,81,101,2,통과,보정 추정,350,862
카르코사 대륙.md,카르코사 대륙,지형,대륙,,3,2,생활권 지도,247,고신뢰 부족,53,73,1,부족,보정 추정,357,825
카르코사 대륙.md,카르코사 대륙,지형,대륙,,4,2,핵심 지형 요소,0,고신뢰 부족,300,320,0,부족,보정 추정,0,0
카르코사 대륙.md,카르코사 대륙,지형,대륙,,5,3,화산·분연 지대,57,고신뢰 부족,243,263,0,부족,보정 추정,83,181
카르코사 대륙.md,카르코사 대륙,지형,대륙,,6,3,황무지·고지·평원,129,고신뢰 부족,171,191,0,부족,보정 추정,190,408
카르코사 대륙.md,카르코사 대륙,지형,대륙,,7,3,용암 수계·분지,64,고신뢰 부족,236,256,0,부족,보정 추정,92,202
카르코사 대륙.md,카르코사 대륙,지형,대륙,,8,3,군도·해역,31,고신뢰 부족,269,289,0,부족,보정 추정,38,82
카르코사 대륙.md,카르코사 대륙,지형,대륙,,9,2,수계·물길,146,정밀 부족,154,174,1,부족,정밀값,213,527
카르코사 대륙.md,카르코사 대륙,지형,대륙,,11,2,권위권·경계,116,정밀 부족,184,204,1,부족,정밀값,190,440
카르코사 대륙.md,카르코사 대륙,지형,대륙,,12,2,이동·관문·완충지,181,고신뢰 부족,119,139,2,통과,보정 추정,273,660
카밀론 락클리프.md,카밀론 락클리프,인물,주요,,1,2,개요,140,고신뢰 부족,160,180,1,부족,보정 추정,230,562
칼디라 대륙.md,칼디라 대륙,지형,대륙,,1,2,개요,270,고신뢰 부족,30,50,2,통과,보정 추정,405,973
칼디라 대륙.md,칼디라 대륙,지형,대륙,,2,2,지형·기후 골격,312,경계,0,8,2,통과,보정 추정,462,1078
칼디라 대륙.md,칼디라 대륙,지형,대륙,,3,2,생활권 지도,238,고신뢰 부족,62,82,1,부족,보정 추정,348,794
칼디라 대륙.md,칼디라 대륙,지형,대륙,,4,2,핵심 지형 요소,0,고신뢰 부족,300,320,0,부족,보정 추정,0,0
칼디라 대륙.md,칼디라 대륙,지형,대륙,,5,3,산맥·사막권,56,고신뢰 부족,244,264,0,부족,보정 추정,80,188
칼디라 대륙.md,칼디라 대륙,지형,대륙,,6,3,평원·특수 지형,64,고신뢰 부족,236,256,0,부족,보정 추정,90,208
칼디라 대륙.md,칼디라 대륙,지형,대륙,,7,3,오아시스·정착점,70,고신뢰 부족,230,250,0,부족,보정 추정,102,243
칼디라 대륙.md,칼디라 대륙,지형,대륙,,8,3,강·수계,51,고신뢰 부족,249,269,0,부족,보정 추정,72,166
칼디라 대륙.md,칼디라 대륙,지형,대륙,,9,3,군도·해역,56,고신뢰 부족,244,264,0,부족,보정 추정,78,182
칼디라 대륙.md,칼디라 대륙,지형,대륙,,10,2,수계·물길,128,고신뢰 부족,172,192,1,부족,보정 추정,184,450
칼디라 대륙.md,칼디라 대륙,지형,대륙,,12,2,권위권·경계,117,고신뢰 부족,183,203,1,부족,보정 추정,185,457
칼디라 대륙.md,칼디라 대륙,지형,대륙,,13,2,이동·관문·완충지,134,고신뢰 부족,166,186,1,부족,보정 추정,201,498
칼디라 대륙.md,칼디라 대륙,지형,대륙,,14,2,대륙 규모의 위협·변수,142,고신뢰 부족,158,178,0,부족,보정 추정,215,491
컬트 오브 디스페어.md,컬트 오브 디스페어,단체,주요,범대륙,1,2,개요,298,추정 부족,2,22,2,통과,보정 추정,466,1132
컬트 오브 디스페어.md,컬트 오브 디스페어,단체,주요,범대륙,2,2,기원과 설립,238,고신뢰 부족,62,82,2,통과,보정 추정,389,971
컬트 오브 디스페어.md,컬트 오브 디스페어,단체,주요,범대륙,3,2,목적과 활동 방식,273,고신뢰 부족,27,47,2,통과,보정 추정,417,1009
컬트 오브 디스페어.md,컬트 오브 디스페어,단체,주요,범대륙,4,2,조직 구조,269,고신뢰 부족,31,51,2,통과,보정 추정,430,1050
컬트 오브 디스페어.md,컬트 오브 디스페어,단체,주요,범대륙,5,2,규모와 거점,231,고신뢰 부족,69,89,2,통과,보정 추정,365,889
컬트 오브 디스페어.md,컬트 오브 디스페어,단체,주요,범대륙,6,2,자원과 상징,225,고신뢰 부족,75,95,2,통과,보정 추정,342,838
컬트 오브 디스페어.md,컬트 오브 디스페어,단체,주요,범대륙,7,2,대외 관계,212,고신뢰 부족,88,108,2,통과,보정 추정,337,827
컬트 오브 디스페어.md,컬트 오브 디스페어,단체,주요,범대륙,8,2,내부 갈등과 약점,178,고신뢰 부족,122,142,2,통과,보정 추정,298,734
컬트 오브 디스페어.md,컬트 오브 디스페어,단체,주요,범대륙,9,2,현재 동향,189,고신뢰 부족,111,131,2,통과,보정 추정,305,753
컬트 오브 디스페어.md,컬트 오브 디스페어,단체,주요,범대륙,10,2,부가 항목,134,고신뢰 부족,166,186,1,부족,보정 추정,217,537
크리스틴 밀러.md,크리스틴 밀러,인물,주요,,1,2,개요,218,고신뢰 부족,82,102,2,통과,보정 추정,338,804
테라 셀레스티아.md,테라 셀레스티아,개념,주요,,2,2,기원,303,경계,0,17,3,통과,보정 추정,474,1166
테라 셀레스티아.md,테라 셀레스티아,개념,주요,,3,2,하늘섬과 우주공간,266,고신뢰 부족,34,54,3,통과,보정 추정,441,1083
테라 셀레스티아.md,테라 셀레스티아,개념,주요,,4,2,테라 스트림,309,경계,0,11,3,통과,보정 추정,468,1140
테라 셀레스티아.md,테라 셀레스티아,개념,주요,,5,2,혹독한 자연의 세계,269,고신뢰 부족,31,51,3,통과,보정 추정,426,1038
테라 셀레스티아.md,테라 셀레스티아,개념,주요,,7,2,금룡과 은룡의 질서,300,경계,0,20,3,통과,보정 추정,466,1132
테라 셀레스티아.md,테라 셀레스티아,개념,주요,,8,2,아라코크라의 하늘 혈통,297,추정 부족,3,23,3,통과,보정 추정,453,1107
테라 셀레스티아.md,테라 셀레스티아,개념,주요,,9,2,지상 문명과 테라 셀레스티아,298,추정 부족,2,22,3,통과,보정 추정,485,1187
테라 셀레스티아.md,테라 셀레스티아,개념,주요,,10,2,한 줄 요약,75,고신뢰 부족,225,245,1,부족,보정 추정,117,291
테라 움브라.md,테라 움브라,개념,주요,,1,2,개요,254,고신뢰 부족,46,66,2,통과,보정 추정,423,963
테라 움브라.md,테라 움브라,개념,주요,,2,3,핵심 환경,0,고신뢰 부족,300,320,0,부족,보정 추정,0,0
테라 움브라.md,테라 움브라,개념,주요,,3,4,젖은 지하세계,146,고신뢰 부족,154,174,2,통과,보정 추정,221,533
테라 움브라.md,테라 움브라,개념,주요,,4,3,숨은 계보,0,고신뢰 부족,300,320,0,부족,보정 추정,0,0
테라 움브라.md,테라 움브라,개념,주요,,5,4,외우주 존재의 후예,137,고신뢰 부족,163,183,2,통과,보정 추정,222,544
테라 움브라.md,테라 움브라,개념,주요,,6,3,거주 종족과 생태,0,고신뢰 부족,300,320,0,부족,보정 추정,0,0
테라 움브라.md,테라 움브라,개념,주요,,8,4,버섯인류 (균사 기반의 인류형 존재),108,고신뢰 부족,192,212,2,통과,보정 추정,163,393
토템 가디언.md,토템 가디언,개념,일반,범대륙,1,2,개요,136,고신뢰 부족,164,184,2,통과,보정 추정,201,489
토템 가디언.md,토템 가디언,개념,일반,범대륙,2,2,형태,152,고신뢰 부족,148,168,2,통과,보정 추정,231,561
토템 가디언.md,토템 가디언,개념,일반,범대륙,3,2,역할,163,고신뢰 부족,137,157,2,통과,보정 추정,257,625
토템 가디언.md,토템 가디언,개념,일반,범대륙,4,2,처치와 보상,134,고신뢰 부족,166,186,2,통과,보정 추정,201,485
토템 가디언.md,토템 가디언,개념,일반,범대륙,5,2,한 줄 요약,55,고신뢰 부족,245,265,1,부족,보정 추정,82,204
투누케나 부족.md,투누케나 부족,부족국가,일반,발가르,2,2,지리·환경,294,추정 부족,6,26,2,통과,보정 추정,432,1054
투누케나 부족.md,투누케나 부족,부족국가,일반,발가르,3,2,역사(현재를 만든 사건들),255,고신뢰 부족,45,65,2,통과,보정 추정,403,990
투누케나 부족.md,투누케나 부족,부족국가,일반,발가르,4,2,통치 구조·법·행정,195,고신뢰 부족,105,125,2,통과,보정 추정,312,766
투누케나 부족.md,투누케나 부족,부족국가,일반,발가르,7,2,군사·치안·외교,234,고신뢰 부족,66,86,2,통과,보정 추정,365,902
투누케나 부족.md,투누케나 부족,부족국가,일반,발가르,8,2,경제·산업·물류,255,고신뢰 부족,45,65,2,통과,보정 추정,379,920
투누케나 부족.md,투누케나 부족,부족국가,일반,발가르,11,2,주요 지역(수도/핵심 거점),129,고신뢰 부족,171,191,1,부족,보정 추정,197,486
투누케나 부족.md,투누케나 부족,부족국가,일반,발가르,12,2,핵심 세력,93,고신뢰 부족,207,227,1,부족,보정 추정,139,342
투누케나 부족.md,투누케나 부족,부족국가,일반,발가르,13,2,관계,0,고신뢰 부족,300,320,0,부족,보정 추정,0,0
투누케나 부족.md,투누케나 부족,부족국가,일반,발가르,14,3,내부 권력 구도(세력 간 관계),102,고신뢰 부족,198,218,1,부족,보정 추정,157,386
투누케나 부족.md,투누케나 부족,부족국가,일반,발가르,15,3,외교 관계(주변 국가/연맹/교단),90,고신뢰 부족,210,230,1,부족,보정 추정,151,371
투누케나 부족.md,투누케나 부족,부족국가,일반,발가르,16,3,정치·생존 갈등 관계,268,고신뢰 부족,32,52,2,통과,보정 추정,418,999
투누케나 부족.md,투누케나 부족,부족국가,일반,발가르,17,3,관계 변동 조건,83,고신뢰 부족,217,237,1,부족,보정 추정,123,297
투누케나 부족.md,투누케나 부족,부족국가,일반,발가르,18,2,현재의 갈등,163,고신뢰 부족,137,157,1,부족,보정 추정,256,629
펠가르드 연맹.md,펠가르드 연맹,국가,연맹,네베아,2,2,지리·환경,251,고신뢰 부족,49,69,2,통과,보정 추정,378,918
펠가르드 연맹.md,펠가르드 연맹,국가,연맹,네베아,3,2,역사(현재를 만든 사건들),287,추정 부족,13,33,2,통과,보정 추정,449,1095
펠가르드 연맹.md,펠가르드 연맹,국가,연맹,네베아,4,2,통치 구조·법·행정,299,추정 부족,1,21,2,통과,보정 추정,439,1048
펠가르드 연맹.md,펠가르드 연맹,국가,연맹,네베아,8,2,경제·산업·물류,274,고신뢰 부족,26,46,2,통과,보정 추정,401,965
펠가르드 연맹.md,펠가르드 연맹,국가,연맹,네베아,9,2,사회·문화,195,고신뢰 부족,105,125,2,통과,보정 추정,298,726
펠가르드 연맹.md,펠가르드 연맹,국가,연맹,네베아,10,2,종교·신앙·초상,205,고신뢰 부족,95,115,2,통과,보정 추정,307,753
펠가르드 연맹.md,펠가르드 연맹,국가,연맹,네베아,11,2,주요 지역(수도/핵심 거점),117,고신뢰 부족,183,203,1,부족,보정 추정,164,395
펠가르드 연맹.md,펠가르드 연맹,국가,연맹,네베아,12,2,핵심 세력,179,고신뢰 부족,121,141,2,통과,보정 추정,264,633
펠가르드 연맹.md,펠가르드 연맹,국가,연맹,네베아,13,2,관계,0,고신뢰 부족,300,320,0,부족,보정 추정,0,0
펠가르드 연맹.md,펠가르드 연맹,국가,연맹,네베아,14,3,내부 권력 구도(세력 간 관계),145,고신뢰 부족,155,175,1,부족,보정 추정,216,524
펠가르드 연맹.md,펠가르드 연맹,국가,연맹,네베아,15,3,외교 관계(주변 국가/연맹/교단),124,고신뢰 부족,176,196,1,부족,보정 추정,185,447
펠가르드 연맹.md,펠가르드 연맹,국가,연맹,네베아,16,3,정치·생존 갈등 관계,268,고신뢰 부족,32,52,2,통과,보정 추정,404,966
펠가르드 연맹.md,펠가르드 연맹,국가,연맹,네베아,17,3,관계 변동 조건,110,고신뢰 부족,190,210,1,부족,보정 추정,161,391
펠가르드 연맹.md,펠가르드 연맹,국가,연맹,네베아,18,2,현재의 갈등,186,고신뢰 부족,114,134,1,부족,보정 추정,273,664
프로스트 앵커 항구.md,프로스트 앵커 항구,도시국가,항구,발가르,2,2,주권과 통치,292,정밀 부족,8,28,2,통과,정밀값,435,1079
프로스트 앵커 항구.md,프로스트 앵커 항구,도시국가,항구,발가르,3,2,생존 기능과 정책,222,정밀 부족,78,98,2,통과,정밀값,349,850
프로스트 앵커 항구.md,프로스트 앵커 항구,도시국가,항구,발가르,4,2,갈등 관계,203,정밀 부족,97,117,2,통과,정밀값,302,742
프로스트베일 항구.md,프로스트베일 항구,도시국가,항구,네베아,2,2,주권과 통치,281,정밀 부족,19,39,2,통과,정밀값,420,1039
프로스트베일 항구.md,프로스트베일 항구,도시국가,항구,네베아,3,2,생존 기능과 정책,207,정밀 부족,93,113,2,통과,정밀값,328,801
프로스트베일 항구.md,프로스트베일 항구,도시국가,항구,네베아,4,2,갈등 관계,190,정밀 부족,110,130,2,통과,정밀값,289,709
화폐 개념.md,화폐 개념,개념,주요,,2,2,핵심 원리,187,고신뢰 부족,113,133,0,부족,보정 추정,316,710
화폐 개념.md,화폐 개념,개념,주요,,3,2,던전이 돈벌이가 되는 이유,309,경계,0,11,3,통과,보정 추정,516,1202
화폐 개념.md,화폐 개념,개념,주요,,4,2,환전과 화폐 체계,64,고신뢰 부족,236,256,1,부족,보정 추정,100,240
화폐 개념.md,화폐 개념,개념,주요,,5,3,금속 화폐 단위,47,고신뢰 부족,253,273,0,부족,보정 추정,73,101
화폐 개념.md,화폐 개념,개념,주요,,6,3,마석의 단위와 환율(기본안),225,고신뢰 부족,75,95,1,부족,보정 추정,351,709
화폐 개념.md,화폐 개념,개념,주요,,7,4,환전 원칙,177,고신뢰 부족,123,143,1,부족,보정 추정,302,680
흑묵서고국 세피라스.md,흑묵서고국 세피라스,국가,주요,심연의 의회,1,2,개요,119,고신뢰 부족,181,201,2,통과,보정 추정,182,434
흑묵서고국 세피라스.md,흑묵서고국 세피라스,국가,주요,심연의 의회,2,2,지리·환경,119,고신뢰 부족,181,201,2,통과,보정 추정,191,459
흑묵서고국 세피라스.md,흑묵서고국 세피라스,국가,주요,심연의 의회,3,2,역사(현재를 만든 사건들),163,고신뢰 부족,137,157,3,통과,보정 추정,272,674
흑묵서고국 세피라스.md,흑묵서고국 세피라스,국가,주요,심연의 의회,4,2,통치 구조·법·행정,143,고신뢰 부족,157,177,3,통과,보정 추정,220,524
흑묵서고국 세피라스.md,흑묵서고국 세피라스,국가,주요,심연의 의회,7,2,군사·치안·외교,121,고신뢰 부족,179,199,3,통과,보정 추정,206,502
흑묵서고국 세피라스.md,흑묵서고국 세피라스,국가,주요,심연의 의회,8,2,경제·산업·물류,141,고신뢰 부족,159,179,3,통과,보정 추정,217,521
흑묵서고국 세피라스.md,흑묵서고국 세피라스,국가,주요,심연의 의회,9,2,사회·문화,141,고신뢰 부족,159,179,3,통과,보정 추정,241,593
흑묵서고국 세피라스.md,흑묵서고국 세피라스,국가,주요,심연의 의회,11,2,주요 지역(수도/핵심 거점),129,고신뢰 부족,171,191,3,통과,보정 추정,214,516
흑묵서고국 세피라스.md,흑묵서고국 세피라스,국가,주요,심연의 의회,12,2,핵심 세력,105,고신뢰 부족,195,215,3,통과,보정 추정,177,425
흑묵서고국 세피라스.md,흑묵서고국 세피라스,국가,주요,심연의 의회,13,2,관계,0,고신뢰 부족,300,320,0,부족,보정 추정,0,0
흑묵서고국 세피라스.md,흑묵서고국 세피라스,국가,주요,심연의 의회,14,3,내부 권력 구도(세력 간 관계),90,고신뢰 부족,210,230,2,통과,보정 추정,146,356
흑묵서고국 세피라스.md,흑묵서고국 세피라스,국가,주요,심연의 의회,15,3,외교 관계(주변 국가/연맹/교단),90,고신뢰 부족,210,230,2,통과,보정 추정,149,369
흑묵서고국 세피라스.md,흑묵서고국 세피라스,국가,주요,심연의 의회,16,3,정치·생존 갈등 관계,281,추정 부족,19,39,2,통과,보정 추정,463,1118
흑묵서고국 세피라스.md,흑묵서고국 세피라스,국가,주요,심연의 의회,17,3,관계 변동 조건,88,고신뢰 부족,212,232,2,통과,보정 추정,138,332
흑묵서고국 세피라스.md,흑묵서고국 세피라스,국가,주요,심연의 의회,18,2,현재의 갈등,128,고신뢰 부족,172,192,3,통과,보정 추정,215,529
